cell,bin,n,pred,emp,delta,method,threshold,position
exante_low,"[0,0.1)",236,0.07907627118644067,0.0635593220338983,-0.01551694915254237,raw,15+,RB
exante_low,"[0.1,0.2)",184,0.12037771739130435,0.07065217391304347,-0.04972554347826087,raw,15+,RB
exante_low,"[0.2,0.3)",1,0.205,0,-0.205,raw,15+,RB
exante_mid,"[0,0.1)",8,0.09581250000000001,0,-0.09581250000000001,raw,15+,RB
exante_mid,"[0.1,0.2)",427,0.15431147540983606,0.1358313817330211,-0.018480093676814968,raw,15+,RB
exante_mid,"[0.2,0.3)",178,0.23524438202247192,0.20786516853932585,-0.027379213483146064,raw,15+,RB
exante_mid,"[0.3,0.4)",7,0.31785714285714284,0.2857142857142857,-0.03214285714285714,raw,15+,RB
exante_high,"[0.1,0.2)",1,0.172,0,-0.172,raw,15+,RB
exante_high,"[0.2,0.3)",137,0.26491970802919707,0.2846715328467153,0.01975182481751825,raw,15+,RB
exante_high,"[0.3,0.4)",421,0.3539228028503563,0.3586698337292161,0.004747030878859804,raw,15+,RB
exante_high,"[0.4,0.5)",418,0.44576076555023925,0.45454545454545453,0.008784688995215284,raw,15+,RB
exante_high,"[0.5,0.6)",168,0.541764880952381,0.5416666666666666,-9.821428571432644e-5,raw,15+,RB
exante_high,"[0.6,0.7)",53,0.6428584905660377,0.5660377358490566,-0.07682075471698113,raw,15+,RB
exante_high,"[0.7,0.8)",8,0.7333125,0.875,0.14168749999999997,raw,15+,RB
exante_low,"[0,0.1)",359,0.06328126656659833,0.07520891364902507,0.011927647082426746,platt,15+,RB
exante_low,"[0.1,0.2)",62,0.11412510215223935,0.016129032258064516,-0.09799606989417484,platt,15+,RB
exante_mid,"[0,0.1)",112,0.08308236119029759,0.10714285714285714,0.024060495952559546,platt,15+,RB
exante_mid,"[0.1,0.2)",389,0.14430338394935524,0.14652956298200515,0.0022261790326499054,platt,15+,RB
exante_mid,"[0.2,0.3)",113,0.23371437970822337,0.23008849557522124,-0.003625884133002133,platt,15+,RB
exante_mid,"[0.3,0.4)",6,0.3205532641302613,0.3333333333333333,0.012780069203072009,platt,15+,RB
exante_high,"[0.1,0.2)",12,0.1819332237436093,0.08333333333333333,-0.09859989041027596,platt,15+,RB
exante_high,"[0.2,0.3)",157,0.26013061992782577,0.3375796178343949,0.07744899790656912,platt,15+,RB
exante_high,"[0.3,0.4)",337,0.35383234600677377,0.3353115727002967,-0.018520773306477056,platt,15+,RB
exante_high,"[0.4,0.5)",345,0.4490987890389501,0.4434782608695652,-0.0056205281693849085,platt,15+,RB
exante_high,"[0.5,0.6)",232,0.5418795398078705,0.5086206896551724,-0.03325885015269814,platt,15+,RB
exante_high,"[0.6,0.7)",94,0.645453029179439,0.574468085106383,-0.070984944073056,platt,15+,RB
exante_high,"[0.7,0.8)",22,0.7376657512117836,0.5454545454545454,-0.19221120575723816,platt,15+,RB
exante_high,"[0.8,0.9)",6,0.823878949307675,0.5,-0.323878949307675,platt,15+,RB
exante_high,"[0.9,1]",1,0.9073134170556434,1,0.09268658294435661,platt,15+,RB
exante_low,"[0,0.1)",401,0.057496421370449406,0.06982543640897755,0.012329015038528145,iso,15+,RB
exante_low,"[0.1,0.2)",19,0.11920096997344723,0,-0.11920096997344723,iso,15+,RB
exante_low,"[0.2,0.3)",1,0.20408163265306123,0,-0.20408163265306123,iso,15+,RB
exante_mid,"[0,0.1)",235,0.07447816409256425,0.09787234042553192,0.02339417633296767,iso,15+,RB
exante_mid,"[0.1,0.2)",302,0.1460562928248284,0.18543046357615894,0.03937417075133054,iso,15+,RB
exante_mid,"[0.2,0.3)",40,0.23604472403339719,0.175,-0.061044724033397196,iso,15+,RB
exante_mid,"[0.3,0.4)",43,0.34694019987110214,0.2558139534883721,-0.09112624638273004,iso,15+,RB
exante_high,"[0,0.1)",7,0.07407407407407407,0.2857142857142857,0.21164021164021163,iso,15+,RB
exante_high,"[0.1,0.2)",44,0.16062930799551592,0.20454545454545456,0.04391614654993864,iso,15+,RB
exante_high,"[0.2,0.3)",44,0.24779312688963942,0.3181818181818182,0.07038869129217876,iso,15+,RB
exante_high,"[0.3,0.4)",354,0.35561156350484535,0.3446327683615819,-0.010978795143263442,iso,15+,RB
exante_high,"[0.4,0.5)",279,0.4371559171538077,0.4157706093189964,-0.021385307834811296,iso,15+,RB
exante_high,"[0.5,0.6)",382,0.5358041282228443,0.5104712041884817,-0.025332924034362603,iso,15+,RB
exante_high,"[0.6,0.7)",58,0.6543375166924391,0.5,-0.15433751669243911,iso,15+,RB
exante_high,"[0.7,0.8)",31,0.7348642512534292,0.5161290322580645,-0.21873521899536474,iso,15+,RB
exante_high,"[0.8,0.9)",1,0.8958677685950412,1,0.10413223140495875,iso,15+,RB
exante_high,"[0.9,1]",6,1,0.6666666666666666,-0.33333333333333337,iso,15+,RB
exante_low,"[0,0.1)",378,0.06131054929786258,0.07142857142857142,0.010118022130708844,strat_platt,15+,RB
exante_low,"[0.1,0.2)",43,0.11305196782836399,0.023255813953488372,-0.08979615387487562,strat_platt,15+,RB
exante_mid,"[0,0.1)",166,0.08007045622798126,0.0963855421686747,0.016315085940693447,strat_platt,15+,RB
exante_mid,"[0.1,0.2)",325,0.14381166750005786,0.16307692307692306,0.019265255576865203,strat_platt,15+,RB
exante_mid,"[0.2,0.3)",105,0.24218334056416588,0.23809523809523808,-0.004088102468927796,strat_platt,15+,RB
exante_mid,"[0.3,0.4)",22,0.32808242721225445,0.13636363636363635,-0.1917187908486181,strat_platt,15+,RB
exante_mid,"[0.4,0.5)",2,0.46025863867018196,0,-0.46025863867018196,strat_platt,15+,RB
exante_high,"[0.1,0.2)",7,0.18208330302319736,0.14285714285714285,-0.03922616016605451,strat_platt,15+,RB
exante_high,"[0.2,0.3)",89,0.2653690040619279,0.2808988764044944,0.015529872342566475,strat_platt,15+,RB
exante_high,"[0.3,0.4)",354,0.3587255668259401,0.3418079096045198,-0.0169176572214203,strat_platt,15+,RB
exante_high,"[0.4,0.5)",441,0.44886366682547413,0.4421768707482993,-0.006686796077174817,strat_platt,15+,RB
exante_high,"[0.5,0.6)",235,0.5383297747524509,0.49361702127659574,-0.04471275347585518,strat_platt,15+,RB
exante_high,"[0.6,0.7)",66,0.638683543350278,0.6363636363636364,-0.00231990698664164,strat_platt,15+,RB
exante_high,"[0.7,0.8)",8,0.7324392363006931,0.625,-0.10743923630069308,strat_platt,15+,RB
exante_high,"[0.8,0.9)",5,0.825542058425856,0.4,-0.425542058425856,strat_platt,15+,RB
exante_high,"[0.9,1]",1,0.9073134170556434,1,0.09268658294435661,strat_platt,15+,RB
exante_low,"[0,0.1)",406,0.0582940981518236,0.06896551724137931,0.010671419089555712,strat_iso,15+,RB
exante_low,"[0.1,0.2)",14,0.11414701359242735,0,-0.11414701359242735,strat_iso,15+,RB
exante_low,"[0.2,0.3)",1,0.20408163265306123,0,-0.20408163265306123,strat_iso,15+,RB
exante_mid,"[0,0.1)",222,0.06931169348447788,0.0990990990990991,0.029787405614621218,strat_iso,15+,RB
exante_mid,"[0.1,0.2)",267,0.14137699565629858,0.18352059925093633,0.04214360359463776,strat_iso,15+,RB
exante_mid,"[0.2,0.3)",92,0.23532268043934787,0.18478260869565216,-0.05054007174369571,strat_iso,15+,RB
exante_mid,"[0.3,0.4)",32,0.35170169232763476,0.28125,-0.07045169232763476,strat_iso,15+,RB
exante_mid,"[0.4,0.5)",5,0.4228571428571428,0,-0.4228571428571428,strat_iso,15+,RB
exante_mid,"[0.5,0.6)",2,0.55,0,-0.55,strat_iso,15+,RB
exante_high,"[0,0.1)",27,0.03135581839285543,0.14814814814814814,0.11679232975529272,strat_iso,15+,RB
exante_high,"[0.1,0.2)",27,0.1494154077487411,0.2962962962962963,0.14688088854755518,strat_iso,15+,RB
exante_high,"[0.2,0.3)",44,0.23399609125558413,0.29545454545454547,0.06145845419896134,strat_iso,15+,RB
exante_high,"[0.3,0.4)",351,0.35425587126568364,0.3475783475783476,-0.00667752368733604,strat_iso,15+,RB
exante_high,"[0.4,0.5)",279,0.4371559171538077,0.4157706093189964,-0.021385307834811296,strat_iso,15+,RB
exante_high,"[0.5,0.6)",382,0.5358041282228443,0.5104712041884817,-0.025332924034362603,strat_iso,15+,RB
exante_high,"[0.6,0.7)",58,0.6543375166924391,0.5,-0.15433751669243911,strat_iso,15+,RB
exante_high,"[0.7,0.8)",31,0.7348642512534292,0.5161290322580645,-0.21873521899536474,strat_iso,15+,RB
exante_high,"[0.8,0.9)",1,0.8958677685950412,1,0.10413223140495875,strat_iso,15+,RB
exante_high,"[0.9,1]",6,1,0.6666666666666666,-0.33333333333333337,strat_iso,15+,RB
exante_low,"[0,0.1)",352,0.0607223063088901,0.07386363636363637,0.01314133005474627,platt_vol,15+,RB
exante_low,"[0.1,0.2)",68,0.12062501098179758,0.029411764705882353,-0.09121324627591523,platt_vol,15+,RB
exante_low,"[0.2,0.3)",1,0.2374198356688592,0,-0.2374198356688592,platt_vol,15+,RB
exante_mid,"[0,0.1)",125,0.08156409366247079,0.096,0.014435906337529211,platt_vol,15+,RB
exante_mid,"[0.1,0.2)",361,0.14512895129956427,0.15512465373961218,0.00999570244004791,platt_vol,15+,RB
exante_mid,"[0.2,0.3)",121,0.239610918265787,0.21487603305785125,-0.024734885207935764,platt_vol,15+,RB
exante_mid,"[0.3,0.4)",12,0.32942169664602233,0.25,-0.07942169664602233,platt_vol,15+,RB
exante_mid,"[0.4,0.5)",1,0.4643621091774431,0,-0.4643621091774431,platt_vol,15+,RB
exante_high,"[0.1,0.2)",15,0.17672562436821376,0.2,0.023274375631786248,platt_vol,15+,RB
exante_high,"[0.2,0.3)",154,0.25862908608500074,0.3116883116883117,0.053059225603310944,platt_vol,15+,RB
exante_high,"[0.3,0.4)",353,0.35368510794612046,0.3371104815864023,-0.01657462635971818,platt_vol,15+,RB
exante_high,"[0.4,0.5)",328,0.4507197429258149,0.4481707317073171,-0.002549011218497821,platt_vol,15+,RB
exante_high,"[0.5,0.6)",231,0.542112017351626,0.49783549783549785,-0.0442765195161281,platt_vol,15+,RB
exante_high,"[0.6,0.7)",96,0.6454218734790266,0.6354166666666666,-0.010005206812359946,platt_vol,15+,RB
exante_high,"[0.7,0.8)",21,0.7384398672173045,0.47619047619047616,-0.2622493910268283,platt_vol,15+,RB
exante_high,"[0.8,0.9)",8,0.8321560020806141,0.625,-0.20715600208061413,platt_vol,15+,RB
exante_low,"[0,0.1)",342,0.060964560317355435,0.07017543859649122,0.00921087827913579,platt_vegas,15+,RB
exante_low,"[0.1,0.2)",78,0.1204618375930313,0.05128205128205128,-0.06917978631098003,platt_vegas,15+,RB
exante_low,"[0.2,0.3)",1,0.20072263212547062,0,-0.20072263212547062,platt_vegas,15+,RB
exante_mid,"[0,0.1)",135,0.07622293080474192,0.1111111111111111,0.034888180306369185,platt_vegas,15+,RB
exante_mid,"[0.1,0.2)",355,0.14540816967968614,0.15211267605633802,0.006704506376651875,platt_vegas,15+,RB
exante_mid,"[0.2,0.3)",113,0.2365845200844984,0.23008849557522124,-0.006496024509277165,platt_vegas,15+,RB
exante_mid,"[0.3,0.4)",15,0.3174982236835392,0.13333333333333333,-0.18416489035020586,platt_vegas,15+,RB
exante_mid,"[0.4,0.5)",2,0.4495354623067999,0,-0.4495354623067999,platt_vegas,15+,RB
exante_high,"[0,0.1)",2,0.07523651308287821,0,-0.07523651308287821,platt_vegas,15+,RB
exante_high,"[0.1,0.2)",24,0.1788211643553353,0.20833333333333334,0.02951216897799805,platt_vegas,15+,RB
exante_high,"[0.2,0.3)",179,0.2579498831242766,0.27932960893854747,0.02137972581427089,platt_vegas,15+,RB
exante_high,"[0.3,0.4)",316,0.3527358560502754,0.36075949367088606,0.008023637620610646,platt_vegas,15+,RB
exante_high,"[0.4,0.5)",309,0.45056267238390185,0.47896440129449835,0.028401728910596502,platt_vegas,15+,RB
exante_high,"[0.5,0.6)",227,0.5433423937944174,0.47577092511013214,-0.06757146868428526,platt_vegas,15+,RB
exante_high,"[0.6,0.7)",109,0.6414430906634059,0.5321100917431193,-0.10933299892028658,platt_vegas,15+,RB
exante_high,"[0.7,0.8)",31,0.7360496811751502,0.6451612903225806,-0.09088839085256961,platt_vegas,15+,RB
exante_high,"[0.8,0.9)",9,0.8368715071159301,0.5555555555555556,-0.2813159515603745,platt_vegas,15+,RB
exante_low,"[0,0.1)",344,0.06025082008482671,0.06976744186046512,0.009516621775638404,platt_vol_vegas,15+,RB
exante_low,"[0.1,0.2)",76,0.12172198770393401,0.05263157894736842,-0.0690904087565656,platt_vol_vegas,15+,RB
exante_low,"[0.2,0.3)",1,0.21069452938450317,0,-0.21069452938450317,platt_vol_vegas,15+,RB
exante_mid,"[0,0.1)",142,0.07612196212926332,0.11267605633802817,0.03655409420876485,platt_vol_vegas,15+,RB
exante_mid,"[0.1,0.2)",341,0.14589379687406828,0.1495601173020528,0.0036663204279845096,platt_vol_vegas,15+,RB
exante_mid,"[0.2,0.3)",117,0.23734133681078676,0.2222222222222222,-0.015119114588564547,platt_vol_vegas,15+,RB
exante_mid,"[0.3,0.4)",18,0.3247780734055292,0.2222222222222222,-0.10255585118330701,platt_vol_vegas,15+,RB
exante_mid,"[0.4,0.5)",2,0.479936259771262,0,-0.479936259771262,platt_vol_vegas,15+,RB
exante_high,"[0,0.1)",2,0.07550122550010496,0,-0.07550122550010496,platt_vol_vegas,15+,RB
exante_high,"[0.1,0.2)",23,0.17632067518559572,0.2608695652173913,0.08454889003179558,platt_vol_vegas,15+,RB
exante_high,"[0.2,0.3)",176,0.25784929245896404,0.2784090909090909,0.020559798450126843,platt_vol_vegas,15+,RB
exante_high,"[0.3,0.4)",316,0.3522433826902891,0.370253164556962,0.018009781866672903,platt_vol_vegas,15+,RB
exante_high,"[0.4,0.5)",316,0.4492159777444372,0.44936708860759494,1.5111086315772182e-4,platt_vol_vegas,15+,RB
exante_high,"[0.5,0.6)",232,0.5440512755103466,0.4956896551724138,-0.04836162033793279,platt_vol_vegas,15+,RB
exante_high,"[0.6,0.7)",105,0.6438157425153923,0.5523809523809524,-0.09143479013443989,platt_vol_vegas,15+,RB
exante_high,"[0.7,0.8)",26,0.737479151805544,0.5769230769230769,-0.16055607488246715,platt_vol_vegas,15+,RB
exante_high,"[0.8,0.9)",10,0.8429435975262468,0.6,-0.24294359752624684,platt_vol_vegas,15+,RB
exante_low,"[0,0.1)",421,0.02559501187648456,0.021377672209026127,-0.004217339667458433,raw,20+,RB
exante_mid,"[0,0.1)",586,0.056931740614334474,0.05802047781569966,0.0010887372013651878,raw,20+,RB
exante_mid,"[0.1,0.2)",34,0.11479411764705882,0.14705882352941177,0.032264705882352945,raw,20+,RB
exante_high,"[0,0.1)",47,0.08688297872340425,0.02127659574468085,-0.0656063829787234,raw,20+,RB
exante_high,"[0.1,0.2)",584,0.15469520547945206,0.1678082191780822,0.013113013698630133,raw,20+,RB
exante_high,"[0.2,0.3)",430,0.2394813953488372,0.25813953488372093,0.01865813953488374,raw,20+,RB
exante_high,"[0.3,0.4)",118,0.336978813559322,0.3728813559322034,0.035902542372881374,raw,20+,RB
exante_high,"[0.4,0.5)",24,0.4368958333333333,0.3333333333333333,-0.1035625,raw,20+,RB
exante_high,"[0.5,0.6)",3,0.5251666666666667,0.6666666666666666,0.14149999999999996,raw,20+,RB
exante_low,"[0,0.1)",421,0.023344744826106913,0.021377672209026127,-0.001967072617080786,platt,20+,RB
exante_mid,"[0,0.1)",562,0.053505471263678495,0.05693950177935943,0.003434030515680933,platt,20+,RB
exante_mid,"[0.1,0.2)",58,0.11569308743512488,0.1206896551724138,0.004996567737288918,platt,20+,RB
exante_high,"[0,0.1)",47,0.08434272014644739,0.0851063829787234,7.636628322760103e-4,platt,20+,RB
exante_high,"[0.1,0.2)",462,0.15804373383241774,0.15800865800865802,-3.5075823759722624e-5,platt,20+,RB
exante_high,"[0.2,0.3)",450,0.24733773648542248,0.23555555555555555,-0.011782180929866937,platt,20+,RB
exante_high,"[0.3,0.4)",171,0.33847265341637256,0.29239766081871343,-0.046074992597659126,platt,20+,RB
exante_high,"[0.4,0.5)",61,0.43648227751316254,0.39344262295081966,-0.04303965456234288,platt,20+,RB
exante_high,"[0.5,0.6)",10,0.5450264016069847,0.4,-0.14502640160698466,platt,20+,RB
exante_high,"[0.6,0.7)",2,0.6287363073457228,0.5,-0.12873630734572283,platt,20+,RB
exante_high,"[0.7,0.8)",3,0.7320211459042705,0.6666666666666666,-0.06535447923760385,platt,20+,RB
exante_low,"[0,0.1)",421,0.011973170562501296,0.021377672209026127,0.009404501646524831,iso,20+,RB
exante_mid,"[0,0.1)",570,0.04013758021385266,0.05964912280701754,0.019511542593164885,iso,20+,RB
exante_mid,"[0.1,0.2)",38,0.14879066188742782,0.10526315789473684,-0.04352750399269098,iso,20+,RB
exante_mid,"[0.2,0.3)",12,0.21167230745801777,0.08333333333333333,-0.12833897412468442,iso,20+,RB
exante_high,"[0,0.1)",57,0.05214484427571581,0.12280701754385964,0.07066217326814384,iso,20+,RB
exante_high,"[0.1,0.2)",355,0.17464307537902957,0.14647887323943662,-0.028164202139592948,iso,20+,RB
exante_high,"[0.2,0.3)",605,0.2451465057537255,0.2413223140495868,-0.003824191704138724,iso,20+,RB
exante_high,"[0.3,0.4)",88,0.33703939285966267,0.2159090909090909,-0.12113030195057176,iso,20+,RB
exante_high,"[0.4,0.5)",76,0.4445986201850496,0.39473684210526316,-0.04986177807978642,iso,20+,RB
exante_high,"[0.5,0.6)",21,0.5440709617180205,0.38095238095238093,-0.16311858076563956,iso,20+,RB
exante_high,"[0.6,0.7)",1,0.6666666666666666,0,-0.6666666666666666,iso,20+,RB
exante_high,"[0.7,0.8)",1,0.75,1,0.25,iso,20+,RB
exante_high,"[0.9,1]",2,1,0.5,-0.5,iso,20+,RB
exante_low,"[0,0.1)",421,0.022576444916554136,0.021377672209026127,-0.0011987727075280091,strat_platt,20+,RB
exante_mid,"[0,0.1)",542,0.049841979899020054,0.05719557195571956,0.007353592056699505,strat_platt,20+,RB
exante_mid,"[0.1,0.2)",77,0.12042040033589546,0.1038961038961039,-0.016524296439791558,strat_platt,20+,RB
exante_mid,"[0.2,0.3)",1,0.2080634664807018,0,-0.2080634664807018,strat_platt,20+,RB
exante_high,"[0,0.1)",23,0.07857375322756786,0.13043478260869565,0.051861029381127785,strat_platt,20+,RB
exante_high,"[0.1,0.2)",403,0.16211097536362726,0.1488833746898263,-0.013227600673800965,strat_platt,20+,RB
exante_high,"[0.2,0.3)",582,0.24560356689666912,0.23195876288659795,-0.013644804010071176,strat_platt,20+,RB
exante_high,"[0.3,0.4)",149,0.33545568184853924,0.3288590604026846,-0.006596621445854656,strat_platt,20+,RB
exante_high,"[0.4,0.5)",39,0.43247671073635674,0.3076923076923077,-0.12478440304404903,strat_platt,20+,RB
exante_high,"[0.5,0.6)",6,0.5596608923497911,0.5,-0.059660892349791106,strat_platt,20+,RB
exante_high,"[0.6,0.7)",1,0.6314466969138948,0,-0.6314466969138948,strat_platt,20+,RB
exante_high,"[0.7,0.8)",3,0.7320211459042705,0.6666666666666666,-0.06535447923760385,strat_platt,20+,RB
exante_low,"[0,0.1)",421,0.013207676891725133,0.021377672209026127,0.008169995317300994,strat_iso,20+,RB
exante_mid,"[0,0.1)",547,0.03896263786688233,0.0603290676416819,0.02136642977479957,strat_iso,20+,RB
exante_mid,"[0.1,0.2)",54,0.14176468964910421,0.09259259259259259,-0.04917209705651163,strat_iso,20+,RB
exante_mid,"[0.2,0.3)",18,0.21735691271122806,0.05555555555555555,-0.1618013571556725,strat_iso,20+,RB
exante_mid,"[0.3,0.4)",1,0.3333333333333333,0,-0.3333333333333333,strat_iso,20+,RB
exante_high,"[0,0.1)",65,0.01887735650765891,0.1076923076923077,0.08881495118464879,strat_iso,20+,RB
exante_high,"[0.1,0.2)",368,0.17597226210363237,0.14945652173913043,-0.02651574036450194,strat_iso,20+,RB
exante_high,"[0.2,0.3)",584,0.24648488267967728,0.24486301369863014,-0.001621868981047131,strat_iso,20+,RB
exante_high,"[0.3,0.4)",88,0.33703939285966267,0.2159090909090909,-0.12113030195057176,strat_iso,20+,RB
exante_high,"[0.4,0.5)",76,0.4445986201850496,0.39473684210526316,-0.04986177807978642,strat_iso,20+,RB
exante_high,"[0.5,0.6)",21,0.5440709617180205,0.38095238095238093,-0.16311858076563956,strat_iso,20+,RB
exante_high,"[0.6,0.7)",1,0.6666666666666666,0,-0.6666666666666666,strat_iso,20+,RB
exante_high,"[0.7,0.8)",1,0.75,1,0.25,strat_iso,20+,RB
exante_high,"[0.9,1]",2,1,0.5,-0.5,strat_iso,20+,RB
exante_low,"[0,0.1)",421,0.023087871200141188,0.021377672209026127,-0.0017101989911150611,platt_vol,20+,RB
exante_mid,"[0,0.1)",543,0.051882610434863335,0.06261510128913444,0.01073249085427111,platt_vol,20+,RB
exante_mid,"[0.1,0.2)",76,0.11919563938822511,0.06578947368421052,-0.05340616570401459,platt_vol,20+,RB
exante_mid,"[0.2,0.3)",1,0.23253416313342595,0,-0.23253416313342595,platt_vol,20+,RB
exante_high,"[0,0.1)",44,0.0809387937129132,0.09090909090909091,0.009970297196177716,platt_vol,20+,RB
exante_high,"[0.1,0.2)",472,0.15634613597785757,0.16101694915254236,0.00467081317468479,platt_vol,20+,RB
exante_high,"[0.2,0.3)",438,0.24754143331884013,0.2328767123287671,-0.014664720990073016,platt_vol,20+,RB
exante_high,"[0.3,0.4)",172,0.3380564319347876,0.29069767441860467,-0.04735875751618296,platt_vol,20+,RB
exante_high,"[0.4,0.5)",62,0.4320570901527786,0.3709677419354839,-0.061089348217294726,platt_vol,20+,RB
exante_high,"[0.5,0.6)",11,0.5297841866429446,0.5454545454545454,0.015670358811600837,platt_vol,20+,RB
exante_high,"[0.6,0.7)",5,0.6398162819230085,0.4,-0.23981628192300852,platt_vol,20+,RB
exante_high,"[0.7,0.8)",2,0.7335714153740174,0.5,-0.23357141537401738,platt_vol,20+,RB
exante_low,"[0,0.1)",421,0.023628650753397522,0.021377672209026127,-0.002250978544371396,platt_vegas,20+,RB
exante_mid,"[0,0.1)",545,0.05137016916152061,0.062385321100917435,0.011015151939396825,platt_vegas,20+,RB
exante_mid,"[0.1,0.2)",74,0.12068512487230391,0.06756756756756757,-0.05311755730473634,platt_vegas,20+,RB
exante_mid,"[0.2,0.3)",1,0.2254437228896464,0,-0.2254437228896464,platt_vegas,20+,RB
exante_high,"[0,0.1)",70,0.0786873787341878,0.14285714285714285,0.06416976412295505,platt_vegas,20+,RB
exante_high,"[0.1,0.2)",452,0.15383040270566323,0.1504424778761062,-0.003387924829557021,platt_vegas,20+,RB
exante_high,"[0.2,0.3)",406,0.24770793751129108,0.22413793103448276,-0.02357000647680832,platt_vegas,20+,RB
exante_high,"[0.3,0.4)",196,0.34174260096323866,0.32142857142857145,-0.02031402953466721,platt_vegas,20+,RB
exante_high,"[0.4,0.5)",61,0.43910724765000636,0.4262295081967213,-0.012877739453285075,platt_vegas,20+,RB
exante_high,"[0.5,0.6)",14,0.5239942753238678,0.21428571428571427,-0.3097085610381535,platt_vegas,20+,RB
exante_high,"[0.6,0.7)",5,0.6277202514898502,0.4,-0.2277202514898502,platt_vegas,20+,RB
exante_high,"[0.7,0.8)",1,0.7394475396016027,1,0.2605524603983973,platt_vegas,20+,RB
exante_high,"[0.8,0.9)",1,0.8176059636353775,0,-0.8176059636353775,platt_vegas,20+,RB
exante_low,"[0,0.1)",421,0.023195319233964114,0.021377672209026127,-0.0018176470249379878,platt_vol_vegas,20+,RB
exante_mid,"[0,0.1)",542,0.05084895380182709,0.06457564575645756,0.013726691954630471,platt_vol_vegas,20+,RB
exante_mid,"[0.1,0.2)",77,0.12112494830107304,0.05194805194805195,-0.06917689635302109,platt_vol_vegas,20+,RB
exante_mid,"[0.2,0.3)",1,0.23948371482733394,0,-0.23948371482733394,platt_vol_vegas,20+,RB
exante_high,"[0,0.1)",72,0.07649107306619145,0.1388888888888889,0.06239781582269745,platt_vol_vegas,20+,RB
exante_high,"[0.1,0.2)",446,0.1534764964769419,0.1547085201793722,0.0012320237024303071,platt_vol_vegas,20+,RB
exante_high,"[0.2,0.3)",406,0.24741130848894755,0.22167487684729065,-0.0257364316416569,platt_vol_vegas,20+,RB
exante_high,"[0.3,0.4)",203,0.3413849557182757,0.32019704433497537,-0.02118791138330034,platt_vol_vegas,20+,RB
exante_high,"[0.4,0.5)",56,0.44109648160496934,0.39285714285714285,-0.04823933874782649,platt_vol_vegas,20+,RB
exante_high,"[0.5,0.6)",15,0.5294329279310225,0.26666666666666666,-0.2627662612643558,platt_vol_vegas,20+,RB
exante_high,"[0.6,0.7)",6,0.6224715238904741,0.5,-0.12247152389047411,platt_vol_vegas,20+,RB
exante_high,"[0.7,0.8)",1,0.7330293924809238,1,0.2669706075190762,platt_vol_vegas,20+,RB
exante_high,"[0.8,0.9)",1,0.8263068889205702,0,-0.8263068889205702,platt_vol_vegas,20+,RB
exante_low,"[0,0.1)",292,0.08467465753424658,0.0821917808219178,-0.0024828767123287743,raw,15+,WR
exante_low,"[0.1,0.2)",350,0.11941285714285714,0.10571428571428572,-0.013698571428571421,raw,15+,WR
exante_mid,"[0,0.1)",29,0.0925,0.13793103448275862,0.04543103448275862,raw,15+,WR
exante_mid,"[0.1,0.2)",775,0.1542341935483871,0.13161290322580646,-0.022621290322580645,raw,15+,WR
exante_mid,"[0.2,0.3)",746,0.2502520107238606,0.2734584450402145,0.023206434316353886,raw,15+,WR
exante_mid,"[0.3,0.4)",508,0.3476476377952756,0.4015748031496063,0.05392716535433073,raw,15+,WR
exante_mid,"[0.4,0.5)",313,0.43868690095846646,0.402555910543131,-0.03613099041533546,raw,15+,WR
exante_mid,"[0.5,0.6)",58,0.5181810344827587,0.5344827586206896,0.016301724137930962,raw,15+,WR
exante_high,"[0.3,0.4)",8,0.3636875,0.375,0.011312500000000003,raw,15+,WR
exante_high,"[0.4,0.5)",90,0.46474444444444446,0.43333333333333335,-0.03141111111111111,raw,15+,WR
exante_high,"[0.5,0.6)",152,0.5478618421052631,0.5394736842105263,-0.008388157894736792,raw,15+,WR
exante_high,"[0.6,0.7)",29,0.6321379310344828,0.5862068965517241,-0.045931034482758704,raw,15+,WR
exante_low,"[0,0.1)",297,0.08117383769376663,0.08080808080808081,-3.657568856858112e-4,platt,15+,WR
exante_low,"[0.1,0.2)",345,0.12066281707841335,0.1072463768115942,-0.013416440266819152,platt,15+,WR
exante_mid,"[0,0.1)",51,0.08515360695289532,0.11764705882352941,0.032493451870634085,platt,15+,WR
exante_mid,"[0.1,0.2)",733,0.15409767522236817,0.1296043656207367,-0.024493309601631458,platt,15+,WR
exante_mid,"[0.2,0.3)",706,0.24995422701939987,0.2747875354107649,0.024833308391365022,platt,15+,WR
exante_mid,"[0.3,0.4)",512,0.3469367545268864,0.384765625,0.03782887047311362,platt,15+,WR
exante_mid,"[0.4,0.5)",346,0.4416196189840698,0.3872832369942196,-0.05433638198985019,platt,15+,WR
exante_mid,"[0.5,0.6)",81,0.5285119331018527,0.5555555555555556,0.027043622453702842,platt,15+,WR
exante_high,"[0.2,0.3)",1,0.2724320950990981,0,-0.2724320950990981,platt,15+,WR
exante_high,"[0.3,0.4)",6,0.3770827427250868,0.5,0.1229172572749132,platt,15+,WR
exante_high,"[0.4,0.5)",65,0.4687388851437941,0.4461538461538462,-0.022585038989947903,platt,15+,WR
exante_high,"[0.5,0.6)",159,0.5510463242356926,0.5283018867924528,-0.02274443744323973,platt,15+,WR
exante_high,"[0.6,0.7)",45,0.6288100144246767,0.4888888888888889,-0.13992112553578778,platt,15+,WR
exante_high,"[0.7,0.8)",3,0.7192728515419257,1,0.28072714845807434,platt,15+,WR
exante_low,"[0,0.1)",571,0.07298653335405057,0.0893169877408056,0.016330454386755025,iso,15+,WR
exante_low,"[0.1,0.2)",71,0.12293793023382424,0.14084507042253522,0.01790714018871098,iso,15+,WR
exante_mid,"[0,0.1)",243,0.08136237753832752,0.0823045267489712,9.421492106436724e-4,iso,15+,WR
exante_mid,"[0.1,0.2)",500,0.14333790157889437,0.164,0.02066209842110564,iso,15+,WR
exante_mid,"[0.2,0.3)",650,0.25908743594339867,0.25076923076923074,-0.008318205174167925,iso,15+,WR
exante_mid,"[0.3,0.4)",331,0.35415703714596697,0.338368580060423,-0.015788457085543994,iso,15+,WR
exante_mid,"[0.4,0.5)",681,0.4409344930206341,0.41262848751835535,-0.02830600550227874,iso,15+,WR
exante_mid,"[0.5,0.6)",24,0.5224279335295035,0.5416666666666666,0.019238733137163178,iso,15+,WR
exante_high,"[0.3,0.4)",6,0.3633508771929824,0.5,0.13664912280701758,iso,15+,WR
exante_high,"[0.4,0.5)",159,0.45832310358114026,0.5157232704402516,0.05740016685911131,iso,15+,WR
exante_high,"[0.5,0.6)",103,0.5307545514537928,0.46601941747572817,-0.06473513397806463,iso,15+,WR
exante_high,"[0.6,0.7)",3,0.6450452814654732,0.6666666666666666,0.021621385201193388,iso,15+,WR
exante_high,"[0.7,0.8)",2,0.7859136044067552,0.5,-0.2859136044067552,iso,15+,WR
exante_high,"[0.9,1]",6,1,0.8333333333333334,-0.16666666666666663,iso,15+,WR
exante_low,"[0,0.1)",364,0.08229672152449731,0.08516483516483517,0.0028681136403378577,strat_platt,15+,WR
exante_low,"[0.1,0.2)",278,0.11835633106862298,0.1079136690647482,-0.01044266200387478,strat_platt,15+,WR
exante_mid,"[0,0.1)",51,0.08513964077929408,0.1568627450980392,0.07172310431874514,strat_platt,15+,WR
exante_mid,"[0.1,0.2)",709,0.1552844346640315,0.12693935119887165,-0.028345083465159848,strat_platt,15+,WR
exante_mid,"[0.2,0.3)",661,0.2504170298242318,0.2632375189107413,0.012820489086509512,strat_platt,15+,WR
exante_mid,"[0.3,0.4)",526,0.3452731196746849,0.38022813688212925,0.03495501720744437,strat_platt,15+,WR
exante_mid,"[0.4,0.5)",370,0.44427970925737,0.3837837837837838,-0.060495925473586176,strat_platt,15+,WR
exante_mid,"[0.5,0.6)",112,0.5351505476327733,0.5089285714285714,-0.026221976204201858,strat_platt,15+,WR
exante_high,"[0.2,0.3)",1,0.2724320950990981,0,-0.2724320950990981,strat_platt,15+,WR
exante_high,"[0.3,0.4)",6,0.3770827427250868,0.5,0.1229172572749132,strat_platt,15+,WR
exante_high,"[0.4,0.5)",65,0.4687388851437941,0.4461538461538462,-0.022585038989947903,strat_platt,15+,WR
exante_high,"[0.5,0.6)",159,0.5510463242356926,0.5283018867924528,-0.02274443744323973,strat_platt,15+,WR
exante_high,"[0.6,0.7)",45,0.6288100144246767,0.4888888888888889,-0.13992112553578778,strat_platt,15+,WR
exante_high,"[0.7,0.8)",3,0.7192728515419257,1,0.28072714845807434,strat_platt,15+,WR
exante_low,"[0,0.1)",555,0.07284644652394126,0.08828828828828829,0.015441841764347028,strat_iso,15+,WR
exante_low,"[0.1,0.2)",84,0.1399677053635225,0.14285714285714285,0.0028894374936203615,strat_iso,15+,WR
exante_low,"[0.2,0.3)",3,0.21766381766381768,0,-0.21766381766381768,strat_iso,15+,WR
exante_mid,"[0,0.1)",270,0.07067388875202966,0.09259259259259259,0.021918703840562923,strat_iso,15+,WR
exante_mid,"[0.1,0.2)",470,0.14501802983975093,0.16382978723404254,0.01881175739429161,strat_iso,15+,WR
exante_mid,"[0.2,0.3)",653,0.25887189336530575,0.24961715160796324,-0.009254741757342505,strat_iso,15+,WR
exante_mid,"[0.3,0.4)",334,0.35441700910074053,0.33532934131736525,-0.019087667783375284,strat_iso,15+,WR
exante_mid,"[0.4,0.5)",688,0.4450338331911385,0.4171511627906977,-0.02788267040044079,strat_iso,15+,WR
exante_mid,"[0.5,0.6)",11,0.5133669998078032,0.45454545454545453,-0.05882154526234867,strat_iso,15+,WR
exante_mid,"[0.6,0.7)",1,0.6153846153846154,0,-0.6153846153846154,strat_iso,15+,WR
exante_mid,"[0.7,0.8)",1,0.7371541501976382,1,0.2628458498023618,strat_iso,15+,WR
exante_mid,"[0.9,1]",1,1,1,0,strat_iso,15+,WR
exante_high,"[0.3,0.4)",6,0.3633508771929824,0.5,0.13664912280701758,strat_iso,15+,WR
exante_high,"[0.4,0.5)",159,0.45832310358114026,0.5157232704402516,0.05740016685911131,strat_iso,15+,WR
exante_high,"[0.5,0.6)",103,0.5307545514537928,0.46601941747572817,-0.06473513397806463,strat_iso,15+,WR
exante_high,"[0.6,0.7)",3,0.6450452814654732,0.6666666666666666,0.021621385201193388,strat_iso,15+,WR
exante_high,"[0.7,0.8)",2,0.7859136044067552,0.5,-0.2859136044067552,strat_iso,15+,WR
exante_high,"[0.9,1]",6,1,0.8333333333333334,-0.16666666666666663,strat_iso,15+,WR
exante_low,"[0,0.1)",298,0.07938591402967883,0.07718120805369127,-0.002204705975987556,platt_vol,15+,WR
exante_low,"[0.1,0.2)",343,0.1228244755622038,0.11078717201166181,-0.012037303550541986,platt_vol,15+,WR
exante_low,"[0.2,0.3)",1,0.20519819978353557,0,-0.20519819978353557,platt_vol,15+,WR
exante_mid,"[0,0.1)",67,0.0872638983196055,0.1044776119402985,0.017213713620693002,platt_vol,15+,WR
exante_mid,"[0.1,0.2)",703,0.15404736739075928,0.13655761024182078,-0.017489757148938495,platt_vol,15+,WR
exante_mid,"[0.2,0.3)",695,0.2505017072163837,0.26906474820143883,0.018563040985055124,platt_vol,15+,WR
exante_mid,"[0.3,0.4)",512,0.34544698718331057,0.3671875,0.021740512816689428,platt_vol,15+,WR
exante_mid,"[0.4,0.5)",351,0.43891328937417684,0.3903133903133903,-0.048599899060786544,platt_vol,15+,WR
exante_mid,"[0.5,0.6)",100,0.5307031147974398,0.56,0.02929688520256024,platt_vol,15+,WR
exante_mid,"[0.6,0.7)",1,0.6043401512947286,0,-0.6043401512947286,platt_vol,15+,WR
exante_high,"[0.3,0.4)",9,0.36499345170334385,0.5555555555555556,0.19056210385221173,platt_vol,15+,WR
exante_high,"[0.4,0.5)",78,0.4632662216056778,0.4230769230769231,-0.04018929852875475,platt_vol,15+,WR
exante_high,"[0.5,0.6)",146,0.5534834854581024,0.547945205479452,-0.005538279978650418,platt_vol,15+,WR
exante_high,"[0.6,0.7)",43,0.630552557122593,0.46511627906976744,-0.16543627805282551,platt_vol,15+,WR
exante_high,"[0.7,0.8)",3,0.7236834047576652,1,0.27631659524233476,platt_vol,15+,WR
exante_low,"[0,0.1)",293,0.08112107017070191,0.08532423208191127,0.004203161911209355,platt_vegas,15+,WR
exante_low,"[0.1,0.2)",342,0.12415534401556531,0.10526315789473684,-0.018892186120828477,platt_vegas,15+,WR
exante_low,"[0.2,0.3)",7,0.2097662332856459,0,-0.2097662332856459,platt_vegas,15+,WR
exante_mid,"[0,0.1)",63,0.08234602190075396,0.1111111111111111,0.028765089210357142,platt_vegas,15+,WR
exante_mid,"[0.1,0.2)",710,0.15349839451456593,0.13802816901408452,-0.01547022550048141,platt_vegas,15+,WR
exante_mid,"[0.2,0.3)",693,0.2503420089961084,0.2582972582972583,0.00795524930114988,platt_vegas,15+,WR
exante_mid,"[0.3,0.4)",522,0.3454040328903674,0.3773946360153257,0.03199060312495827,platt_vegas,15+,WR
exante_mid,"[0.4,0.5)",340,0.4420195044092186,0.4,-0.04201950440921859,platt_vegas,15+,WR
exante_mid,"[0.5,0.6)",98,0.5322828538233402,0.5408163265306123,0.008533472707272116,platt_vegas,15+,WR
exante_mid,"[0.6,0.7)",3,0.6296941405874907,0.3333333333333333,-0.2963608072541574,platt_vegas,15+,WR
exante_high,"[0.3,0.4)",7,0.3585408731293677,0.2857142857142857,-0.07282658741508202,platt_vegas,15+,WR
exante_high,"[0.4,0.5)",71,0.4657467839480867,0.4788732394366197,0.013126455488532973,platt_vegas,15+,WR
exante_high,"[0.5,0.6)",135,0.5530427689116952,0.5333333333333333,-0.01970943557836191,platt_vegas,15+,WR
exante_high,"[0.6,0.7)",61,0.6325888354168194,0.4918032786885246,-0.14078555672829485,platt_vegas,15+,WR
exante_high,"[0.7,0.8)",5,0.7384966232848411,0.6,-0.13849662328484114,platt_vegas,15+,WR
exante_low,"[0,0.1)",306,0.07978154059491821,0.08823529411764706,0.008453753522728855,platt_vol_vegas,15+,WR
exante_low,"[0.1,0.2)",331,0.12414072687197522,0.1027190332326284,-0.021421693639346817,platt_vol_vegas,15+,WR
exante_low,"[0.2,0.3)",5,0.22081343245617435,0,-0.22081343245617435,platt_vol_vegas,15+,WR
exante_mid,"[0,0.1)",80,0.08011235303311535,0.125,0.044887646966884645,platt_vol_vegas,15+,WR
exante_mid,"[0.1,0.2)",685,0.15342488182187008,0.14306569343065692,-0.010359188391213164,platt_vol_vegas,15+,WR
exante_mid,"[0.2,0.3)",678,0.25081549712634355,0.26548672566371684,0.014671228537373293,platt_vol_vegas,15+,WR
exante_mid,"[0.3,0.4)",534,0.3460403422792023,0.35580524344569286,0.009764901166490592,platt_vol_vegas,15+,WR
exante_mid,"[0.4,0.5)",338,0.44218490494102736,0.3875739644970414,-0.054610940443985956,platt_vol_vegas,15+,WR
exante_mid,"[0.5,0.6)",111,0.5349023089301621,0.5495495495495496,0.014647240619387492,platt_vol_vegas,15+,WR
exante_mid,"[0.6,0.7)",2,0.6181476685573593,0,-0.6181476685573593,platt_vol_vegas,15+,WR
exante_mid,"[0.7,0.8)",1,0.7277068831421273,1,0.2722931168578727,platt_vol_vegas,15+,WR
exante_high,"[0.3,0.4)",11,0.35805293400277477,0.45454545454545453,0.09649252054267976,platt_vol_vegas,15+,WR
exante_high,"[0.4,0.5)",73,0.4600667122264758,0.4246575342465753,-0.03540917797990051,platt_vol_vegas,15+,WR
exante_high,"[0.5,0.6)",134,0.5520735007943077,0.5671641791044776,0.015090678310169858,platt_vol_vegas,15+,WR
exante_high,"[0.6,0.7)",54,0.6322041440861118,0.42592592592592593,-0.20627821816018588,platt_vol_vegas,15+,WR
exante_high,"[0.7,0.8)",6,0.7252131657591454,0.8333333333333334,0.10812016757418796,platt_vol_vegas,15+,WR
exante_high,"[0.8,0.9)",1,0.806221079143874,1,0.19377892085612602,platt_vol_vegas,15+,WR
exante_low,"[0,0.1)",642,0.025945482866043614,0.03115264797507788,0.0052071651090342674,raw,20+,WR
exante_mid,"[0,0.1)",1313,0.058834729626808836,0.07768469154607768,0.018849961919268847,raw,20+,WR
exante_mid,"[0.1,0.2)",815,0.14259877300613497,0.18650306748466258,0.04390429447852762,raw,20+,WR
exante_mid,"[0.2,0.3)",291,0.23681099656357388,0.24054982817869416,0.003738831615120286,raw,20+,WR
exante_mid,"[0.3,0.4)",10,0.3106,0.4,0.089400000000000035,raw,20+,WR
exante_high,"[0.1,0.2)",10,0.1712,0.4,0.22880000000000003,raw,20+,WR
exante_high,"[0.2,0.3)",136,0.2582279411764706,0.3161764705882353,0.057948529411764704,raw,20+,WR
exante_high,"[0.3,0.4)",123,0.33703252032520326,0.2764227642276423,-0.060609756097560974,raw,20+,WR
exante_high,"[0.4,0.5)",10,0.43270000000000003,0.5,0.06729999999999997,raw,20+,WR
exante_low,"[0,0.1)",642,0.0447349341722959,0.03115264797507788,-0.013582286197218015,platt,20+,WR
exante_mid,"[0,0.1)",893,0.07152734751145268,0.0593505039193729,-0.012176843592079774,platt,20+,WR
exante_mid,"[0.1,0.2)",1037,0.143744731324389,0.15332690453230471,0.009582173207915712,platt,20+,WR
exante_mid,"[0.2,0.3)",455,0.23881586811309755,0.22197802197802197,-0.01683784613507558,platt,20+,WR
exante_mid,"[0.3,0.4)",44,0.31378969485773256,0.3409090909090909,0.027119396051358324,platt,20+,WR
exante_high,"[0.1,0.2)",5,0.17526409751681882,0.8,0.6247359024831812,platt,20+,WR
exante_high,"[0.2,0.3)",110,0.2671981857977127,0.2909090909090909,0.02371090511137819,platt,20+,WR
exante_high,"[0.3,0.4)",154,0.3397935797623414,0.2792207792207792,-0.06057280054156222,platt,20+,WR
exante_high,"[0.4,0.5)",10,0.4294378693468878,0.7,0.27056213065311213,platt,20+,WR
exante_low,"[0,0.1)",642,0.029261098464537283,0.03115264797507788,0.0018915495105405987,iso,20+,WR
exante_mid,"[0,0.1)",927,0.06383266436355357,0.0668824163969795,0.0030497520334259315,iso,20+,WR
exante_mid,"[0.1,0.2)",636,0.12562524237961434,0.11949685534591195,-0.006128387033702387,iso,20+,WR
exante_mid,"[0.2,0.3)",842,0.24533061009622642,0.22327790973871733,-0.022052700357509086,iso,20+,WR
exante_mid,"[0.3,0.4)",24,0.3114912634408602,0.08333333333333333,-0.22815793010752689,iso,20+,WR
exante_high,"[0.1,0.2)",1,0.147,1,0.853,iso,20+,WR
exante_high,"[0.2,0.3)",249,0.2699905627912295,0.30522088353413657,0.03523032074290705,iso,20+,WR
exante_high,"[0.3,0.4)",24,0.3322655726025845,0.25,-0.08226557260258449,iso,20+,WR
exante_high,"[0.4,0.5)",3,0.42751754385964913,0.3333333333333333,-0.09418421052631581,iso,20+,WR
exante_high,"[0.5,0.6)",1,0.5,1,0.5,iso,20+,WR
exante_high,"[0.6,0.7)",1,0.6666666666666666,1,0.33333333333333337,iso,20+,WR
exante_low,"[0,0.1)",642,0.04209495446320572,0.03115264797507788,-0.010942306488127839,strat_platt,20+,WR
exante_mid,"[0,0.1)",880,0.07125733655169904,0.056818181818181816,-0.014439154733517222,strat_platt,20+,WR
exante_mid,"[0.1,0.2)",1018,0.14443433547640566,0.14931237721021612,0.0048780417338104565,strat_platt,20+,WR
exante_mid,"[0.2,0.3)",459,0.24022264021574335,0.23093681917211328,-0.009285821043630071,strat_platt,20+,WR
exante_mid,"[0.3,0.4)",72,0.3182494264159353,0.2777777777777778,-0.0404716486381575,strat_platt,20+,WR
exante_high,"[0.1,0.2)",5,0.17526409751681882,0.8,0.6247359024831812,strat_platt,20+,WR
exante_high,"[0.2,0.3)",110,0.2671981857977127,0.2909090909090909,0.02371090511137819,strat_platt,20+,WR
exante_high,"[0.3,0.4)",154,0.3397935797623414,0.2792207792207792,-0.06057280054156222,strat_platt,20+,WR
exante_high,"[0.4,0.5)",10,0.4294378693468878,0.7,0.27056213065311213,strat_platt,20+,WR
exante_low,"[0,0.1)",640,0.030701702256148253,0.03125,5.482977438517472e-4,strat_iso,20+,WR
exante_low,"[0.1,0.2)",2,0.10256410256410256,0,-0.10256410256410256,strat_iso,20+,WR
exante_mid,"[0,0.1)",864,0.05738473155513507,0.06365740740740741,0.006272675852272341,strat_iso,20+,WR
exante_mid,"[0.1,0.2)",699,0.1233684402080088,0.11874105865522175,-0.004627381552787052,strat_iso,20+,WR
exante_mid,"[0.2,0.3)",828,0.24031067532332687,0.2210144927536232,-0.019296182569703668,strat_iso,20+,WR
exante_mid,"[0.3,0.4)",35,0.31478527855474897,0.2,-0.11478527855474896,strat_iso,20+,WR
exante_mid,"[0.4,0.5)",2,0.4269938650306748,0,-0.4269938650306748,strat_iso,20+,WR
exante_mid,"[0.5,0.6)",1,0.5,0,-0.5,strat_iso,20+,WR
exante_high,"[0.1,0.2)",1,0.147,1,0.853,strat_iso,20+,WR
exante_high,"[0.2,0.3)",249,0.2699905627912295,0.30522088353413657,0.03523032074290705,strat_iso,20+,WR
exante_high,"[0.3,0.4)",24,0.3322655726025845,0.25,-0.08226557260258449,strat_iso,20+,WR
exante_high,"[0.4,0.5)",3,0.42751754385964913,0.3333333333333333,-0.09418421052631581,strat_iso,20+,WR
exante_high,"[0.5,0.6)",1,0.5,1,0.5,strat_iso,20+,WR
exante_high,"[0.6,0.7)",1,0.6666666666666666,1,0.33333333333333337,strat_iso,20+,WR
exante_low,"[0,0.1)",642,0.0452272621856928,0.03115264797507788,-0.014074614210614917,platt_vol,20+,WR
exante_mid,"[0,0.1)",917,0.07184410589343221,0.064340239912759,-0.007503865980673208,platt_vol,20+,WR
exante_mid,"[0.1,0.2)",1027,0.1438285442732558,0.15384615384615385,0.010017609572898045,platt_vol,20+,WR
exante_mid,"[0.2,0.3)",450,0.23906155795432327,0.22444444444444445,-0.01461711350987882,platt_vol,20+,WR
exante_mid,"[0.3,0.4)",35,0.3157045907342202,0.2857142857142857,-0.029990305019934493,platt_vol,20+,WR
exante_high,"[0.1,0.2)",3,0.15968365294659903,0.6666666666666666,0.5069830137200676,platt_vol,20+,WR
exante_high,"[0.2,0.3)",91,0.27376751144352285,0.3076923076923077,0.03392479624878486,platt_vol,20+,WR
exante_high,"[0.3,0.4)",173,0.33919009058038524,0.2832369942196532,-0.055953096360732035,platt_vol,20+,WR
exante_high,"[0.4,0.5)",12,0.42633778576791453,0.5833333333333334,0.15699554756541884,platt_vol,20+,WR
exante_low,"[0,0.1)",634,0.04334648478871752,0.031545741324921134,-0.011800743463796386,platt_vegas,20+,WR
exante_low,"[0.1,0.2)",8,0.11287938778982923,0,-0.11287938778982923,platt_vegas,20+,WR
exante_mid,"[0,0.1)",899,0.06983706015019751,0.06229143492769744,-0.007545625222500074,platt_vegas,20+,WR
exante_mid,"[0.1,0.2)",1035,0.14440388864088638,0.14879227053140096,0.0043883818905145755,platt_vegas,20+,WR
exante_mid,"[0.2,0.3)",440,0.23954726335251603,0.22954545454545455,-0.010001808807061474,platt_vegas,20+,WR
exante_mid,"[0.3,0.4)",51,0.32414009344836214,0.3137254901960784,-0.010414603252283716,platt_vegas,20+,WR
exante_mid,"[0.4,0.5)",3,0.4308294099701383,0,-0.4308294099701383,platt_vegas,20+,WR
exante_mid,"[0.5,0.6)",1,0.5019463363435385,1,0.49805366365646153,platt_vegas,20+,WR
exante_high,"[0.1,0.2)",6,0.16619516400668355,0.5,0.33380483599331645,platt_vegas,20+,WR
exante_high,"[0.2,0.3)",101,0.2681018613199997,0.31683168316831684,0.048729821848317145,platt_vegas,20+,WR
exante_high,"[0.3,0.4)",156,0.3400123479474665,0.28846153846153844,-0.05155080948592805,platt_vegas,20+,WR
exante_high,"[0.4,0.5)",13,0.42841407338888543,0.46153846153846156,0.033124388149576134,platt_vegas,20+,WR
exante_high,"[0.5,0.6)",3,0.524931090782201,0,-0.524931090782201,platt_vegas,20+,WR
exante_low,"[0,0.1)",636,0.04409406825188621,0.031446540880503145,-0.012647527371383069,platt_vol_vegas,20+,WR
exante_low,"[0.1,0.2)",6,0.12318587607980827,0,-0.12318587607980827,platt_vol_vegas,20+,WR
exante_mid,"[0,0.1)",912,0.06980361907024267,0.0625,-0.00730361907024267,platt_vol_vegas,20+,WR
exante_mid,"[0.1,0.2)",1045,0.1447191095992954,0.1492822966507177,0.004563187051422307,platt_vol_vegas,20+,WR
exante_mid,"[0.2,0.3)",408,0.23945873571501936,0.23284313725490197,-0.006615598460117389,platt_vol_vegas,20+,WR
exante_mid,"[0.3,0.4)",59,0.3216214421253325,0.288135593220339,-0.03348584890499351,platt_vol_vegas,20+,WR
exante_mid,"[0.4,0.5)",5,0.4359018307093238,0.6,0.16409816929067617,platt_vol_vegas,20+,WR
exante_high,"[0.1,0.2)",6,0.17090588430374407,0.5,0.3290941156962559,platt_vol_vegas,20+,WR
exante_high,"[0.2,0.3)",93,0.2703717392911428,0.3010752688172043,0.030703529526061535,platt_vol_vegas,20+,WR
exante_high,"[0.3,0.4)",162,0.3430275200918752,0.30246913580246915,-0.04055838428940606,platt_vol_vegas,20+,WR
exante_high,"[0.4,0.5)",17,0.42969611656264345,0.35294117647058826,-0.07675494009205519,platt_vol_vegas,20+,WR
exante_high,"[0.5,0.6)",1,0.5213493535057684,0,-0.5213493535057684,platt_vol_vegas,20+,WR
