fold,pass_eff_leaves,pass_eff_lr,pass_eff_min_node,pass_eff_rounds,pass_eff_inner_rmse,db_vol_leaves,db_vol_lr,db_vol_min_node,db_vol_rounds,db_vol_inner_rmse,carry_vol_leaves,carry_vol_lr,carry_vol_min_node,carry_vol_rounds,carry_vol_inner_rmse,rush_dir_leaves,rush_dir_lr,rush_dir_min_node,rush_dir_rounds,rush_dir_inner_rmse
1,7,0.05,20,10,0.2731,7,0.02,20,12,9.612,7,0.02,10,154,1.9368,7,0.02,20,31,2.2467
2,7,0.05,10,89,0.324,7,0.02,10,75,7.665,7,0.02,20,183,2.7648,7,0.05,10,10,2.4685
3,7,0.05,50,10,0.335,7,0.05,10,14,7.9412,7,0.02,20,170,1.2557,15,0.05,10,115,2.4605
4,7,0.05,50,19,0.3126,7,0.05,50,142,7.763,7,0.05,20,53,1.9718,7,0.05,50,25,2.0326
5,7,0.05,50,10,0.264,31,0.02,10,12,8.8204,7,0.02,10,113,1.3149,7,0.05,10,15,2.3175
6,7,0.02,20,70,0.2889,7,0.02,100,262,8.5214,7,0.02,10,100,1.7375,7,0.05,10,19,2.0653
7,7,0.05,20,21,0.3033,7,0.05,100,52,8.4093,15,0.05,20,36,1.7203,7,0.05,50,52,2.9446
8,7,0.05,10,40,0.3076,7,0.05,100,16,8.34,15,0.05,20,60,1.4657,7,0.02,10,29,2.902
9,7,0.02,100,242,0.3027,7,0.02,10,49,8.7842,15,0.05,20,48,1.4253,7,0.02,20,34,1.7122
10,15,0.05,10,33,0.3132,7,0.05,10,25,9.348,31,0.02,10,265,1.5404,15,0.05,10,30,2.0593
11,7,0.05,100,114,0.3049,7,0.05,10,25,9.1004,7,0.02,10,160,1.5984,7,0.05,50,33,2.2208
12,7,0.02,100,155,0.329,31,0.05,10,25,9.4433,7,0.05,10,47,1.7683,15,0.02,20,105,2.5299
13,7,0.05,10,65,0.3199,15,0.05,10,89,9.2309,31,0.02,10,71,1.5923,7,0.02,20,126,2.6109
14,15,0.05,10,20,0.3388,7,0.05,50,56,9.7794,7,0.02,20,115,1.8775,31,0.05,20,76,2.334
15,31,0.05,20,24,0.3176,7,0.05,10,26,9.976,7,0.02,50,206,1.8747,15,0.05,20,28,2.325
16,31,0.05,20,24,0.3244,15,0.05,10,14,9.9848,7,0.02,50,204,1.8461,15,0.05,20,28,2.1528
17,7,0.02,100,123,0.3125,31,0.05,10,10,9.7567,7,0.05,50,79,1.9124,15,0.02,20,35,2.0574
18,7,0.05,50,30,0.3047,7,0.05,100,10,9.8906,7,0.02,100,325,1.8173,31,0.05,20,28,2.159
19,7,0.02,100,77,0.30620000000000003,7,0.05,20,39,9.4283,7,0.02,100,310,1.8224,7,0.05,50,29,2.0828
20,7,0.02,100,65,0.2896,7,0.05,20,34,9.4476,7,0.02,100,150,1.8933,15,0.05,50,24,2.1561
21,7,0.02,100,65,0.2926,7,0.05,50,51,9.0802,7,0.02,100,225,1.8162,7,0.02,100,79,2.4743
22,7,0.05,100,22,0.2854,7,0.02,100,132,8.8479,15,0.05,50,33,1.8109,7,0.05,100,14,2.4122
23,7,0.02,10,40,0.2814,63,0.05,10,29,8.8796,7,0.02,100,205,1.6406,7,0.05,100,43,2.3052
24,15,0.05,20,10,0.2805,7,0.02,100,55,8.3051,31,0.02,20,120,1.6506,7,0.05,100,51,2.1891
25,15,0.02,10,14,0.2811,7,0.02,20,135,8.0472,7,0.02,20,172,1.5522,7,0.05,10,24,2.1831
26,7,0.05,10,17,0.2904,7,0.05,10,73,8.3359,7,0.02,20,170,1.6446,7,0.05,100,20,2.3726
27,7,0.02,100,90,0.2985,7,0.05,10,35,8.235,63,0.02,10,111,1.6599,7,0.02,100,40,2.0344
28,31,0.05,10,12,0.3097,7,0.02,50,114,8.6429,15,0.02,10,108,1.6994,15,0.02,10,59,2.0841
29,7,0.05,100,30,0.314,15,0.02,20,126,8.5828,7,0.05,100,155,1.8832,15,0.05,20,31,2.2945
30,7,0.05,100,44,0.3207,31,0.05,20,50,9.0368,15,0.02,10,108,1.864,31,0.05,10,20,2.2799
31,7,0.05,10,39,0.3113,31,0.05,20,50,8.71,15,0.02,10,108,1.8403,31,0.05,10,20,2.3387
32,7,0.02,20,106,0.3067,7,0.05,20,66,8.6598,15,0.05,10,72,1.7803,15,0.05,50,45,2.3753
33,7,0.02,20,56,0.3076,7,0.05,10,35,8.7113,7,0.05,10,90,1.7405,7,0.05,50,68,2.1738
34,15,0.05,50,12,0.2932,63,0.02,20,65,8.7643,7,0.05,10,93,1.7597,15,0.05,50,53,2.1545
35,7,0.02,100,64,0.2821,7,0.05,100,71,8.4582,7,0.02,20,180,1.7815,15,0.05,50,58,2.1208
36,7,0.02,100,72,0.2788,7,0.02,100,140,8.4565,7,0.05,20,53,1.7917,15,0.05,50,68,2.1088
37,15,0.05,50,34,0.2679,7,0.05,50,39,8.5151,15,0.02,20,115,1.779,7,0.05,50,16,2.0652
38,7,0.05,100,44,0.2607,63,0.05,10,10,8.4982,7,0.02,20,205,1.8145,7,0.05,50,45,2.0934
39,15,0.05,100,38,0.2605,7,0.05,10,55,8.5509,7,0.02,100,124,1.7811,15,0.02,50,55,2.0987
40,15,0.02,100,145,0.2685,15,0.05,10,30,8.6403,31,0.05,20,32,1.8425,7,0.02,10,60,2.0268
41,15,0.02,100,145,0.2647,15,0.05,10,30,8.4086,31,0.05,20,32,1.7969,15,0.02,100,45,1.9637
42,63,0.05,20,26,0.2585,7,0.02,50,100,8.382,15,0.05,20,126,1.8262,7,0.05,10,23,2.1555
43,31,0.05,50,45,0.2677,7,0.02,50,96,8.4997,15,0.02,100,170,1.789,7,0.02,100,148,2.2026
44,7,0.02,10,96,0.2808,7,0.05,20,26,8.6865,7,0.05,10,38,1.7732,7,0.05,10,16,2.2193
45,15,0.02,100,178,0.285,7,0.05,100,36,8.5755,15,0.02,10,134,1.7354,15,0.05,100,27,2.1647
46,15,0.05,100,60,0.2836,7,0.05,100,34,8.7721,7,0.02,20,154,1.7448,7,0.05,50,25,2.1561
47,31,0.05,50,26,0.2877,7,0.05,10,40,8.5512,7,0.02,20,117,1.6906,15,0.05,100,16,2.0958
48,7,0.05,100,70,0.3099,7,0.02,100,123,8.2882,7,0.02,10,130,1.6486,15,0.05,100,10,2.1003
49,15,0.05,10,33,0.3097,7,0.05,20,37,8.3828,7,0.02,50,118,1.6863,15,0.05,100,12,2.0019
50,31,0.02,10,94,0.316,7,0.05,10,49,8.3863,7,0.05,10,43,1.6603,15,0.02,100,40,2.0153
51,31,0.02,10,94,0.3117,7,0.05,10,49,8.3823,7,0.05,20,51,1.6873,15,0.02,100,42,2.0923
52,7,0.05,10,41,0.3185,7,0.05,50,48,8.7238,7,0.05,20,44,1.7065,7,0.05,100,16,2.1454
53,15,0.05,10,19,0.3196,7,0.02,10,118,8.7581,7,0.02,20,117,1.681,15,0.05,20,10,1.9617
54,7,0.05,20,30,0.3197,63,0.05,20,20,8.8476,7,0.05,50,85,1.6942,31,0.05,20,10,2.1302
55,7,0.02,10,105,0.3138,7,0.05,20,60,8.7826,7,0.05,20,104,1.7006,7,0.02,10,10,2.1982
56,7,0.02,10,105,0.3186,15,0.05,50,28,8.962,7,0.05,20,104,1.714,15,0.05,20,10,2.2611
57,7,0.05,10,31,0.3191,7,0.05,10,20,9.0383,7,0.02,50,150,1.7099,7,0.05,10,10,2.3204
58,7,0.02,10,132,0.3265,31,0.05,20,19,8.7229,7,0.05,50,67,1.6839,63,0.05,10,10,2.3509
59,7,0.02,100,79,0.3307,7,0.05,20,42,8.6362,15,0.02,100,135,1.7248000000000001,31,0.02,20,36,2.4612
60,15,0.02,100,71,0.3162,7,0.05,20,24,8.6295,7,0.05,50,63,1.7425,15,0.05,10,42,2.4954
61,15,0.02,100,71,0.316,7,0.05,20,24,8.7069,7,0.05,50,64,1.7291,15,0.05,10,42,2.4122
62,15,0.05,50,31,0.3231,31,0.02,50,37,8.7778,15,0.05,100,59,1.7309,15,0.05,10,27,2.4253
63,15,0.02,100,150,0.3172,15,0.05,20,10,8.6033,7,0.02,100,160,1.7454,31,0.02,10,85,2.455
64,15,0.05,100,66,0.3184,63,0.02,10,12,8.4691,7,0.05,100,57,1.7377,15,0.02,10,126,2.4097
65,7,0.05,10,55,0.3235,7,0.05,10,10,8.3955,7,0.05,100,88,1.7849,7,0.02,10,100,2.385
66,7,0.05,10,54,0.3198,15,0.05,50,10,8.5285,15,0.05,100,70,1.7887,7,0.05,10,74,2.3762
67,15,0.05,100,44,0.3207,31,0.05,50,10,8.6032,7,0.02,100,222,1.7972,15,0.05,20,39,2.3749
68,15,0.05,100,77,0.3185,7,0.05,50,10,8.7154,15,0.05,100,83,1.7816,7,0.05,100,40,2.2786
69,15,0.05,100,74,0.3182,7,0.05,20,18,9.0215,7,0.02,50,165,1.7827,7,0.02,10,100,2.2434
70,31,0.05,50,46,0.3146,7,0.05,20,31,8.8226,7,0.02,50,195,1.7926,15,0.05,100,33,2.1528
71,15,0.05,100,44,0.3176,7,0.02,20,45,8.8192,7,0.02,50,195,1.8026,15,0.05,100,26,2.212
72,7,0.05,100,58,0.3178,7,0.02,50,53,8.8702,7,0.05,50,74,1.8206,15,0.05,100,36,2.1976
73,15,0.05,100,54,0.3161,7,0.05,10,29,8.9864,7,0.05,50,80,1.865,7,0.05,100,26,2.18
74,7,0.02,100,160,0.3202,7,0.05,100,16,9.1167,7,0.05,50,65,1.8632,15,0.05,100,19,2.1053
75,7,0.05,100,62,0.326,7,0.05,10,30,9.258,7,0.05,20,59,2.0833,15,0.02,100,50,2.0481
76,7,0.05,100,62,0.3228,7,0.05,20,31,9.2468,7,0.05,20,59,2.0804,15,0.02,100,50,2.0376
77,7,0.05,100,74,0.3194,7,0.05,20,41,9.1836,15,0.05,20,85,2.1255,7,0.05,100,37,2.119
78,7,0.05,100,78,0.3216,7,0.05,10,36,9.2956,15,0.05,20,75,2.1274,7,0.02,10,90,2.1528
79,15,0.02,10,91,0.3202,7,0.05,50,42,9.3696,15,0.05,20,65,2.1564,7,0.05,10,32,2.1231
80,7,0.02,10,165,0.3231,7,0.02,10,100,9.58,7,0.02,10,245,2.1464,7,0.02,10,64,2.1742
81,7,0.02,20,164,0.3261,7,0.02,10,100,9.4566,7,0.02,10,245,2.1995,7,0.02,10,65,2.2158
82,7,0.02,100,169,0.3289,7,0.05,100,46,9.4739,15,0.02,20,112,2.183,7,0.02,10,65,2.2282
83,63,0.05,10,19,0.3334,7,0.05,100,54,9.3909,7,0.05,20,74,2.2052,7,0.02,10,70,2.2144
84,15,0.02,100,96,0.3328,7,0.02,50,112,9.2167,7,0.05,10,80,2.1872,7,0.05,50,32,2.3196
85,7,0.05,10,57,0.3338,7,0.02,100,121,9.1655,7,0.05,10,95,2.2207,7,0.05,10,20,2.312
86,7,0.05,10,67,0.3365,7,0.02,100,122,9.0913,15,0.02,10,155,2.2195,7,0.05,10,20,2.3153
87,7,0.05,10,72,0.34,15,0.02,100,83,8.8708,7,0.05,20,66,2.2749,7,0.02,10,90,2.326
88,15,0.05,10,72,0.3448,31,0.05,50,29,8.9433,15,0.02,10,165,2.2688,7,0.02,10,90,2.3979
89,7,0.05,50,63,0.342,15,0.05,100,38,8.8824,7,0.05,20,90,2.2613,7,0.05,20,27,2.3407
90,15,0.05,10,29,0.3386,7,0.05,100,83,8.8325,15,0.02,20,167,2.2615,7,0.05,10,29,2.3425
91,15,0.05,10,29,0.3419,7,0.05,100,83,8.866,7,0.05,50,85,2.2368,7,0.05,20,49,2.3774
92,15,0.02,100,100,0.3418,31,0.02,100,190,8.9565,7,0.05,20,85,2.1916,7,0.02,10,110,2.3708
93,15,0.02,10,100,0.3418,7,0.02,100,147,8.9837,15,0.05,20,57,2.1934,7,0.02,10,98,2.3928
94,7,0.05,50,58,0.3347,7,0.05,10,74,8.9143,7,0.05,50,100,2.0487,7,0.05,10,73,2.3722
95,7,0.02,50,119,0.3386,7,0.05,50,56,8.8343,15,0.05,50,70,2.029,7,0.05,20,60,2.408
96,7,0.02,50,115,0.3372,7,0.05,50,56,8.8065,15,0.05,50,70,2.002,7,0.05,10,56,2.3595
97,7,0.05,100,64,0.3379,31,0.02,100,135,8.8983,15,0.02,10,169,1.9543,7,0.02,10,115,2.326
98,7,0.05,100,104,0.3321,7,0.05,100,54,8.8404,7,0.05,20,90,1.9331,7,0.02,10,114,2.3466
99,7,0.02,20,200,0.3288,15,0.05,50,49,8.7815,7,0.05,10,73,2.0211,7,0.05,10,35,2.4077
100,7,0.02,50,205,0.3301,31,0.05,20,25,8.7175,7,0.05,10,101,2.012,7,0.02,50,90,2.3691
101,7,0.02,50,207,0.3289,31,0.05,20,25,8.7062,7,0.05,10,101,2.028,7,0.02,50,90,2.3722
102,7,0.02,50,150,0.3244,31,0.05,50,24,8.7808,7,0.05,10,79,1.9902,7,0.05,10,54,2.3652
103,7,0.02,50,155,0.3199,7,0.05,50,62,8.7192,7,0.02,10,173,2.0128,7,0.02,20,83,2.3666
104,15,0.05,10,45,0.318,63,0.05,10,17,8.7613,7,0.05,10,84,1.9823,7,0.05,20,50,2.4097
105,7,0.05,10,70,0.3208,7,0.02,50,110,8.8322,15,0.02,10,170,2.0042,7,0.02,20,105,2.3687
106,7,0.05,10,70,0.3218,7,0.02,50,130,8.8874,15,0.02,10,130,2.0463,7,0.02,20,105,2.3495
107,7,0.05,10,87,0.3196,7,0.05,10,59,8.8015,7,0.05,10,111,2.0379,7,0.05,20,48,2.3588
108,7,0.02,50,183,0.3144,7,0.05,20,59,8.8481,15,0.02,10,177,2.0393,7,0.05,20,37,2.3588
109,7,0.02,10,205,0.3116,15,0.05,20,35,8.8107,7,0.02,10,241,2.0356,7,0.02,10,77,2.3351
110,7,0.05,20,79,0.3082,7,0.05,50,69,8.8349,7,0.05,20,161,2.0295,7,0.05,100,77,2.2959
111,7,0.05,20,79,0.3069,7,0.02,50,111,8.9147,7,0.05,20,189,2.0598,7,0.05,50,32,2.3424
112,7,0.02,10,270,0.3092,7,0.05,20,56,8.9745,7,0.02,20,238,2.1381,7,0.05,10,37,2.3809
113,7,0.02,50,219,0.3129,7,0.02,50,105,9.0224,7,0.05,100,195,2.1796,7,0.02,50,114,2.4359
114,7,0.05,10,73,0.3077,15,0.05,50,58,8.9576,15,0.05,100,143,2.1868,7,0.05,50,26,2.4213
115,7,0.02,10,254,0.3108,7,0.05,10,61,8.9702,15,0.02,20,170,2.2075,7,0.05,20,27,2.4651
116,7,0.02,10,215,0.3127,7,0.05,50,70,9.0696,31,0.02,20,238,2.1882,7,0.05,20,27,2.4632
117,7,0.02,10,200,0.3106,15,0.02,50,130,8.991,7,0.02,10,345,2.2132,7,0.02,10,90,2.4776
118,7,0.02,10,204,0.3093,7,0.05,100,77,8.9997,7,0.02,10,199,2.2241,15,0.02,20,47,2.5318
119,7,0.05,10,50,0.311,15,0.05,10,59,9.0455,15,0.05,20,145,2.2176,7,0.05,10,45,2.5022
120,7,0.02,10,230,0.3103,7,0.02,100,153,9.0452,7,0.05,10,88,2.2837,7,0.02,20,97,2.5482
121,7,0.02,10,234,0.309,7,0.02,100,153,9.0784,7,0.05,10,88,2.2724,7,0.02,50,64,2.5623
122,7,0.02,10,223,0.3105,7,0.05,50,105,8.9233,7,0.05,100,188,2.2842,15,0.05,10,20,2.5829
123,15,0.05,10,54,0.3093,7,0.05,50,60,8.9016,7,0.05,100,105,2.2793,15,0.05,50,28,2.5749
124,7,0.05,10,62,0.314,7,0.05,20,52,9.0066,7,0.05,100,147,2.2685,7,0.05,10,23,2.5375
125,15,0.02,10,114,0.3168,15,0.05,10,89,9.0138,15,0.02,50,266,2.2471,7,0.05,20,34,2.5207
126,15,0.02,10,114,0.3173,15,0.05,10,83,9.0022,15,0.02,50,266,2.2548,7,0.05,20,33,2.5145
127,15,0.02,20,129,0.3149,7,0.02,50,175,8.962,7,0.05,50,197,2.2245,15,0.05,20,24,2.4872
128,31,0.05,20,37,0.3167,7,0.05,100,70,8.9995,7,0.05,50,246,2.2259,15,0.02,100,115,2.4738
129,15,0.02,100,101,0.3168,15,0.02,100,98,9.0508,7,0.02,20,240,2.2697,63,0.05,50,33,2.5075
130,15,0.05,20,60,0.3148,7,0.05,10,69,8.9699,7,0.05,50,118,2.294,63,0.05,10,20,2.4969
131,15,0.05,20,60,0.3164,7,0.05,10,69,8.9159,15,0.05,50,95,2.2962,63,0.05,10,20,2.4863
132,7,0.02,20,174,0.3258,7,0.05,50,71,8.8567,15,0.02,50,185,2.2741,15,0.05,50,24,2.4953
133,63,0.02,20,86,0.3243,15,0.05,50,43,8.8542,7,0.05,50,145,2.238,63,0.05,50,55,2.5257
134,7,0.05,20,67,0.3219,7,0.05,10,133,8.9047,15,0.05,20,91,2.2913,31,0.02,100,104,2.539
135,7,0.05,20,102,0.3239,7,0.02,50,175,8.8795,7,0.05,50,120,2.2976,7,0.02,100,88,2.5445
136,7,0.05,20,102,0.3222,7,0.02,50,175,8.9315,15,0.05,50,119,2.2711,7,0.05,50,25,2.5551
137,7,0.02,10,181,0.3227,7,0.05,100,65,8.9843,15,0.05,50,110,2.2534,31,0.02,50,95,2.5827
138,15,0.02,20,116,0.3195,7,0.05,20,96,8.9445,15,0.02,50,299,2.2575,7,0.05,100,64,2.576
139,7,0.02,10,190,0.3183,7,0.05,20,96,8.9023,15,0.02,50,235,2.2504,7,0.02,100,100,2.5569
140,31,0.05,100,45,0.3162,7,0.05,100,74,8.8977,15,0.02,50,248,2.2053,7,0.02,100,93,2.5664
141,31,0.05,100,45,0.315,7,0.05,100,74,8.8275,15,0.02,50,248,2.1985,7,0.02,100,105,2.5461
142,7,0.02,100,151,0.315,7,0.05,100,57,8.8803,15,0.05,50,110,2.1833,7,0.02,100,145,2.5936
143,7,0.02,10,130,0.3142,7,0.02,100,160,8.8995,7,0.05,50,91,2.1979,7,0.05,100,79,2.5968
144,7,0.02,10,195,0.3105,7,0.05,100,60,8.7982,15,0.05,50,155,2.2279,7,0.05,100,59,2.5757
145,7,0.05,10,68,0.3071,7,0.05,100,93,8.625,15,0.05,50,115,2.2469,7,0.05,100,88,2.5821
146,7,0.05,10,68,0.3056,7,0.05,100,93,8.6374,15,0.02,50,185,2.2602,7,0.05,100,87,2.5801
147,7,0.02,100,109,0.305,7,0.02,100,155,8.6855,15,0.02,50,244,2.2351,7,0.02,100,139,2.5703
148,7,0.05,20,73,0.3035,7,0.02,50,166,8.6438,63,0.02,50,230,2.2441,7,0.05,100,74,2.5559
149,7,0.05,10,90,0.3018,7,0.05,10,76,8.6849,31,0.02,10,252,2.2418,7,0.02,100,158,2.6144
150,7,0.02,10,210,0.3012,7,0.05,50,79,8.7373,7,0.02,50,224,2.2212,7,0.02,50,130,2.6388
151,7,0.02,10,210,0.301,7,0.05,50,79,8.7349,7,0.02,50,189,2.2192,7,0.02,50,130,2.6458
152,7,0.05,10,83,0.3032,7,0.05,10,65,8.6742,15,0.02,10,235,2.2323,7,0.05,100,64,2.641
153,7,0.05,20,84,0.3011,7,0.05,20,53,8.6998,31,0.02,50,225,2.2388,7,0.05,50,79,2.675
154,7,0.05,20,100,0.3036,7,0.02,50,151,8.7877,15,0.05,50,110,2.2302,7,0.02,100,169,2.658
155,7,0.05,10,64,0.3071,7,0.05,100,103,8.7764,31,0.02,10,230,2.2355,7,0.05,100,60,2.6791
156,7,0.05,10,64,0.3076,7,0.05,100,80,8.7487,31,0.02,10,160,2.2338,7,0.02,100,160,2.6655
157,7,0.02,10,182,0.3071,7,0.02,20,186,8.7432,63,0.05,20,75,2.2198,7,0.05,100,73,2.6648
158,7,0.02,10,220,0.3052,7,0.05,20,53,8.7408,7,0.05,20,69,2.2013,7,0.02,50,179,2.6683
159,7,0.02,50,194,0.3075,7,0.05,50,81,8.7621,31,0.02,20,162,2.2151,7,0.02,100,175,2.6844
160,15,0.02,10,127,0.308,7,0.05,50,84,8.7061,31,0.05,20,72,2.2252,7,0.05,100,64,2.6992
161,15,0.02,10,127,0.3072,7,0.02,100,178,8.6774,31,0.05,20,72,2.21,7,0.05,100,64,2.6907
162,7,0.05,20,70,0.3063,7,0.02,100,155,8.664,63,0.02,10,141,2.1928,7,0.05,100,55,2.6797
163,7,0.02,10,150,0.3057,7,0.05,100,82,8.6608,15,0.05,20,75,2.1951,7,0.05,100,65,2.6983
164,7,0.02,10,189,0.3051,7,0.02,50,168,8.7172,15,0.02,10,155,2.1749,7,0.02,100,183,2.7221
165,15,0.05,10,60,0.2978,7,0.05,100,80,8.7185,63,0.02,10,127,2.1884,7,0.05,100,58,2.7086
166,15,0.05,10,59,0.2984,7,0.05,100,95,8.7071,63,0.02,10,110,2.1871,7,0.05,100,58,2.6852
167,7,0.02,10,170,0.3003,7,0.05,100,74,8.6512,15,0.02,10,139,2.181,7,0.05,100,61,2.6685
168,7,0.02,10,150,0.3029,7,0.02,20,139,8.5988,7,0.05,10,57,2.1246,7,0.05,100,55,2.6418
169,15,0.02,100,111,0.3034,15,0.02,100,170,8.5836,7,0.05,100,70,2.2057,7,0.02,50,145,2.6589
170,63,0.02,50,91,0.3041,15,0.02,100,152,8.5291,15,0.05,20,62,2.2758,7,0.02,100,156,2.6946
171,63,0.02,50,91,0.3047,15,0.02,100,152,8.5463,15,0.05,10,39,2.263,7,0.02,100,156,2.6854
172,15,0.05,100,46,0.3066,7,0.05,50,91,8.5499,7,0.02,10,147,2.2822,7,0.02,100,140,2.6721
173,15,0.05,50,55,0.308,7,0.05,20,45,8.5821,7,0.05,10,47,2.288,7,0.02,100,215,2.6699
174,7,0.02,10,157,0.3085,31,0.05,100,41,8.5672,7,0.02,10,116,2.2784,7,0.02,100,171,2.6902
175,15,0.05,10,47,0.3095,7,0.05,20,59,8.5169,15,0.05,10,36,2.2745,7,0.05,100,56,2.6969
176,15,0.02,100,160,0.313,7,0.05,20,52,8.5616,7,0.05,50,51,2.2941,7,0.05,100,56,2.7088
177,31,0.02,50,125,0.3107,7,0.05,100,73,8.5698,31,0.02,10,103,2.2868,7,0.02,100,136,2.7292
178,31,0.05,100,37,0.3116,15,0.02,100,120,8.5397,7,0.02,10,121,2.2867,7,0.05,100,58,2.6984
179,7,0.05,50,97,0.3124,15,0.05,100,56,8.5137,7,0.05,10,53,2.2828,7,0.02,100,81,2.6906
180,7,0.02,100,151,0.3138,15,0.05,10,43,8.5495,7,0.05,10,44,2.2701,7,0.05,100,41,2.6933
181,7,0.02,100,178,0.3119,15,0.05,10,43,8.51,7,0.05,10,44,2.2613,7,0.05,100,41,2.6918
182,15,0.02,100,108,0.3122,15,0.05,100,70,8.5574,7,0.02,10,110,2.2413,7,0.02,100,130,2.6738
183,7,0.05,100,51,0.3126,15,0.02,100,154,8.5384,7,0.05,10,44,2.2231,31,0.02,100,79,2.6741
184,15,0.05,20,43,0.3165,15,0.05,100,57,8.5515,7,0.02,10,115,2.227,15,0.02,100,80,2.6966
185,7,0.05,100,79,0.3153,15,0.05,100,46,8.5129,15,0.02,10,86,2.2271,7,0.05,100,36,2.7049
186,7,0.05,100,73,0.3204,15,0.05,100,46,8.532,15,0.02,10,86,2.2269,7,0.05,100,40,2.7162
187,15,0.05,50,43,0.3216,15,0.02,100,106,8.5024,15,0.02,50,105,2.2277,7,0.02,100,79,2.7096
188,15,0.05,50,35,0.3212,7,0.05,20,39,8.4865,15,0.05,10,32,2.2271,15,0.02,100,64,2.7188
189,7,0.05,10,50,0.3213,15,0.02,50,98,8.4933,15,0.05,20,35,2.2228,7,0.02,100,79,2.7131
190,7,0.02,50,135,0.3225,31,0.02,50,73,8.4836,15,0.02,50,100,2.2098,7,0.02,100,80,2.6908
191,7,0.02,50,133,0.3236,31,0.05,50,42,8.5021,15,0.02,50,100,2.2087,7,0.02,100,80,2.6841
192,7,0.02,50,145,0.3252,15,0.05,50,53,8.4991,15,0.05,10,32,2.2069,7,0.05,100,40,2.665
193,15,0.05,50,47,0.3235,15,0.05,50,37,8.4444,15,0.05,10,36,2.1982,7,0.05,20,47,2.6655
194,7,0.02,100,130,0.3224,31,0.02,50,93,8.5213,15,0.05,10,37,2.1816,7,0.02,100,129,2.6564
195,7,0.02,20,135,0.3223,63,0.02,100,105,8.5089,7,0.02,10,103,2.1997,7,0.05,10,53,2.6562
196,7,0.02,20,125,0.3211,63,0.02,100,105,8.4918,7,0.02,10,103,2.1949,7,0.05,10,53,2.6401
197,7,0.05,100,74,0.3208,15,0.02,100,123,8.426,15,0.05,20,31,2.2019,7,0.05,100,42,2.6712
198,15,0.02,50,130,0.3224,63,0.02,20,73,8.4862,15,0.02,10,95,2.1999,7,0.05,100,35,2.6561
199,15,0.02,10,167,0.3216,31,0.02,50,107,8.5235,7,0.02,10,106,2.1847,15,0.05,100,30,2.6503
200,15,0.05,100,50,0.3212,31,0.05,50,39,8.4982,7,0.02,10,124,2.1925,15,0.02,100,88,2.6308
201,15,0.05,100,50,0.321,31,0.05,50,39,8.4735,7,0.05,100,42,2.1959,15,0.02,100,88,2.6179
202,15,0.05,100,49,0.3215,15,0.05,20,50,8.4877,7,0.05,100,42,2.203,15,0.02,100,77,2.6136
203,31,0.05,100,43,0.3229,15,0.05,20,57,8.4959,15,0.05,100,42,2.19,7,0.02,100,91,2.6101
204,7,0.05,100,85,0.3261,15,0.02,50,113,8.4865,15,0.02,100,94,2.1925,7,0.05,100,36,2.5933
