player_id,posteam,defteam,game_id,rolling_pass_epa_per_db,wt_dropbacks,wt_carries,wt_carry_share,wt_rush_epa_pg,wt_rush_epa_per_carry,prior_pass_epa_per_db,baseline_pass_epa_per_db,is_cold_start,draft_tier,prior_rush_epa_pg,prior_carries_pg,prior_rush_epa_per_carry,player_name,form_residual,wt_team_total_plays,wt_team_pass_rate,wt_snap_share,games_played_so_far,def_used_fallback,def_short_pass_epa_adj,def_deep_pass_epa_adj,def_rush_epa_adj,season,week,team_spread,implied_total,report_status,practice_status
00-0023459,PIT,BUF,2025_13_BUF_PIT,-0.09827901033560124,30.9192812038134,0.6052114914363621,0.0258796985081615,0.18183759847142686,0.30045298386497515,-0.0020169089078976637,-0.0020169089078976637,FALSE,r1,0.36349027993977634,1,NA,Aaron Rodgers,-0.09626210142770358,64.84623538670769,0.5539446799394829,0.8840542585623739,11,FALSE,-0.4171917630801254,0.36991863495919175,0.1237861029368306,2025,13,NA,NA,NA,Full Participation in Practice
00-0026498,LA,CAR,2025_13_LA_CAR,0.19838637144759386,33.60780510329788,0.14075442253796464,0.005630176901518585,-0.04925086020943949,-0.3499063071794808,0.059371459546464556,0.059371459546464556,FALSE,r1,0.4114693689493789,0.9375,NA,Matthew Stafford,0.1390149119011293,62.92825183145399,0.5435488545212377,0.9943698230984814,12,FALSE,0.03192319057376611,-1.836279456051138e-4,0.044461032399402856,2025,13,NA,NA,NA,NA
00-0028118,NYJ,ATL,2025_13_ATL_NYJ,-0.002775869203199741,27.74443965010003,4.534538893029459,0.20003175736122036,0.36549150046147316,-0.017835492039413772,NA,0.012565964804939295,TRUE,r6_udfa,NA,NA,NA,Tyrod Taylor,-0.015341834008139037,59.77364121871108,0.5335308683636673,0.7578135174361589,11,FALSE,-0.10501166929412746,0.28056733590566024,0.008807994831937513,2025,13,NA,NA,NA,NA
00-0029604,ATL,NYJ,2025_13_ATL_NYJ,-0.24744952493866834,20.184011297218845,0.8072804299219394,0.03451807209126662,0.15433616854136595,0.19118036659985627,0.03395829004548604,0.03395829004548604,FALSE,r4_5,-0.6873216743470371,0.8571428571428571,NA,Kirk Cousins,-0.2814078149841544,60.08593298403555,0.5284286228153233,0.686227199623426,11,FALSE,0.013866821093822892,0.3652836945370477,-0.07225454265365569,2025,13,NA,NA,NA,NA
00-0030565,LV,LAC,2025_13_LV_LAC,-0.30688521944141117,40.68545673016156,3.190432454021952,0.19357475727825868,-0.05619608786792299,-0.06409294531367393,0.00548243767773081,0.00548243767773081,FALSE,r2_3,0.07301853229771094,2.3529411764705883,0.031032876226527152,Geno Smith,-0.312367657119142,64.25482952774018,0.6660866804763721,0.974449906552451,11,FALSE,-0.004812045248943409,-0.28405563422927127,-0.09880717929101537,2025,13,NA,NA,NA,NA
00-0032268,WAS,DEN,2025_13_DEN_WAS,-0.0945684242321892,26.39186121564391,4.166567517328664,0.16918889744106597,1.3408548148546542,0.5298468864499367,NA,0.04459384335006605,TRUE,r1,NA,NA,NA,Marcus Mariota,-0.13916226758225525,63.69808099686374,0.5221661410794372,0.7149934190680187,11,FALSE,-0.4546985123457159,0.779549711103378,-0.046637326018626864,2025,13,NA,NA,NA,NA
00-0033077,DAL,KC,2025_13_KC_DAL,0.05244528813677574,35.70476810009084,3.0040109137299646,0.11161284186952994,1.1135309956536328,0.35902600149559877,-0.0628091833448867,-0.0628091833448867,FALSE,r4_5,0.5641240569748334,1.375,NA,Dak Prescott,0.11525447148166243,69.7786851955152,0.5605460945389001,0.9801287874064051,11,FALSE,-0.21947748012796872,0.462516449628335,-0.29676798345160876,2025,13,NA,NA,NA,NA
00-0033106,DET,GB,2025_13_GB_DET,0.006337083484913103,38.561923957794406,0.28150884507592927,0.00879715140862279,0.04801839887457814,0.17057509813457727,0.27645722122929606,0.27645722122929606,FALSE,r1,0.5150057795899189,1.1764705882352942,0.437754912651431,Jared Goff,-0.2701201377443829,66.64276409254761,0.5889495865300682,0.9746739447336534,11,FALSE,-0.24336654521891898,0.300336049910531,-0.12958673171949467,2025,13,NA,NA,NA,NA
00-0033119,ARI,TB,2025_13_ARI_TB,-0.026957709421440452,49.73742334183265,3.3878840070713414,0.15344747486025875,0.5046966211310024,0.13983278186186882,-0.20728104425603378,-0.20728104425603378,FALSE,r2_3,0.6140750468392591,1.7142857142857142,NA,Jacoby Brissett,0.1803233348345933,78.34082318105905,0.6664566438388448,0.9868145424272095,11,FALSE,-0.2714015472260042,0.19169723662092414,-0.07960007667421215,2025,13,NA,NA,NA,NA
00-0033873,KC,DAL,2025_13_KC_DAL,0.17886983308199245,43.35018478852541,2.5623739216456203,0.08436494193204686,1.252717184755388,0.340246169709037,0.10875626608443364,0.10875626608443364,FALSE,r1,2.1447646380144674,2.375,0.90305879495346,Patrick Mahomes,0.0701135669975588,77.36573971866305,0.5995879369245454,0.9718491154924072,11,FALSE,-0.277007949299939,0.4738143698461498,0.1370590392369733,2025,13,NA,NA,NA,Full Participation in Practice
00-0034796,BAL,CIN,2025_13_CIN_BAL,-0.07073703599977436,26.76372010563196,4.706429764350392,0.16984023830110795,0.8841864457548438,0.2590415368407834,0.34126769400909945,0.34126769400909945,FALSE,r1,1.0192727666693557,7.529411764705882,0.1353721643232738,Lamar Jackson,-0.41200473000887383,62.696488428176835,0.4721546202459925,0.956366129013231,11,FALSE,0.16133181450442732,0.3983980516834795,0.08088711250956404,2025,13,NA,NA,NA,Full Participation in Practice
00-0034855,TB,ARI,2025_13_ARI_TB,-0.38191835395252555,33.7467411325944,2.224540388047477,0.06734914390475367,2.4769442105370065,1.0516629792690102,0.17537646872879556,0.17537646872879556,FALSE,r1,0.7565337056428584,3.1176470588235294,0.24266175464016213,Baker Mayfield,-0.5572948226813211,68.96804919604773,0.5823259774581266,0.872690547894186,11,FALSE,-0.30387784527152234,0.20072550426148916,-0.02163288009193122,2025,13,NA,NA,Questionable,Full Participation in Practice
00-0034857,BUF,PIT,2025_13_BUF_PIT,0.13163261863954634,34.75992827542506,4.483229156309353,0.1785218476854022,2.6901027440166447,0.5753900626302574,0.2620970955981718,0.2620970955981718,FALSE,r1,3.652957609205068,5.875,0.6217800185880967,Josh Allen,-0.13046447695862545,64.44453900613601,0.5775150859068199,0.9682791157789008,11,FALSE,-0.43053341635768044,0.5586525147301844,-0.07591644086708665,2025,13,NA,NA,NA,Full Participation in Practice
00-0034869,SEA,MIN,2025_13_MIN_SEA,0.20111923773422186,28.516641078834677,0.793960372846451,0.022388931517864804,-0.47198889853400205,-1.0502210212023815,0.061280787799288826,0.061280787799288826,FALSE,r1,0.2816583770936058,2.6470588235294117,0.10640427579091774,Sam Darnold,0.13983844993493302,63.89421467825899,0.4462838059444253,0.9705828127290896,11,FALSE,-0.060979195658692066,0.5912730913452768,-0.19566735199506105,2025,13,NA,NA,NA,NA
00-0035710,IND,HOU,2025_13_HOU_IND,0.06871990371884229,36.89695996332879,3.1751977228795663,0.12312647429010364,1.7892599417689798,0.552164305582858,-0.09792195024128614,-0.09792195024128614,FALSE,r1,1.566125775007834,6,0.26102096250130563,Daniel Jones,0.16664185396012843,64.44654614825888,0.6194083806781598,0.9817847217892046,11,FALSE,-0.3322970546747849,0.08209981310846771,-0.09067066121211886,2025,13,NA,NA,NA,Full Participation in Practice
00-0036212,MIA,NO,2025_13_NO_MIA,0.03548556161891983,26.9921770329687,0.6170790773550214,0.02893457537859701,-0.7588511124992461,-1.3083459113602582,0.2033800771908375,0.2033800771908375,FALSE,r1,0.2585074071698314,1,NA,Tua Tagovailoa,-0.16789451557191767,60.57538579765782,0.47297869884059385,0.9538822274390315,11,FALSE,-0.1658902955167549,0.43767482536554825,-0.12706024401773267,2025,13,NA,NA,NA,NA
00-0036264,GB,DET,2025_13_GB_DET,0.22280243100644623,31.164594080363205,2.137345145867495,0.07611280840459864,0.2560864618249165,-0.016385993738800654,0.12028905453734351,0.12028905453734351,FALSE,r1,0.6809704726056948,1.2,NA,Jordan Love,0.10251337646910272,64.03582689705266,0.5154127186107692,0.9459369275389673,11,FALSE,-0.18466893204296686,0.07936757882063693,-0.06825639819148059,2025,13,NA,NA,NA,Full Participation in Practice
00-0036355,LAC,LV,2025_13_LV_LAC,-0.13670117676628787,33.555570535625506,5.287911139723045,0.21459935093849564,3.091465680990024,0.5412308753215415,0.12019053901631933,0.12019053901631933,FALSE,r1,0.8852153151687624,2.8823529411764706,0.3071155175075298,Justin Herbert,-0.2568917157826072,66.24610494774858,0.6029338250020029,0.9271968600275371,11,FALSE,-0.07915050215943424,0.36312677418085737,-0.15229668247178754,2025,13,NA,NA,NA,NA
00-0036389,PHI,CHI,2025_13_CHI_PHI,0.18469623875834323,30.131375962492896,6.008960516093369,0.22767395351873115,-0.1012894038109603,0.07002785529224514,0.10010141245011396,0.10010141245011396,FALSE,r2_3,3.454851463066281,8.733333333333333,0.39559367897705505,Jalen Hurts,0.08459482630822927,66.15643406175796,0.49212868560706,0.988408459320403,11,FALSE,-0.14948159088416776,0.2738058594739786,-0.008516829786658553,2025,13,NA,NA,NA,NA
00-0036442,CIN,BAL,2025_13_CIN_BAL,0.0010982294730717721,20.054054054054056,0.918918918918919,0.03995299647473561,-0.7556663268753895,-0.8223427674820414,0.14340122437991612,0.14340122437991612,FALSE,r1,1.163696680103278,1.8235294117647058,0.6381562439276041,Joe Burrow,-0.14230299490684434,67.35044600349522,0.628863849124667,0.6216216216216217,11,FALSE,-0.15112859823664895,0.3194457373917313,-0.21594435811047036,2025,13,NA,NA,NA,Full Participation in Practice
00-0036971,JAX,TEN,2025_13_JAX_TEN,-0.13775354531208406,32.961781722030196,4.97046922634867,0.15070687250473924,0.8870371259159184,0.10800386390232129,-0.010758889506643242,-0.010758889506643242,FALSE,r1,0.8410782758768562,2.3,0.365686206902981,Trevor Lawrence,-0.1269946558054408,70.24036495944426,0.5076439463089836,0.9747885422687952,11,FALSE,-0.2718779548905134,0.9914029726028596,0.03516852950657982,2025,13,NA,NA,NA,NA
00-0037834,SF,CLE,2025_13_SF_CLE,0.11238258071959648,33.51774997058016,2.553602949829365,0.08289124326860176,1.6873770176364802,0.19905140428506224,0.16229509052075117,0.16229509052075117,FALSE,r6_udfa,1.7319791519153576,4.066666666666666,0.42589651276607154,Brock Purdy,-0.04991250980115469,61.30534850290117,0.5453039132594739,0.9759934099556742,11,FALSE,-0.5236335045861139,-0.25630925303398,-0.10137720259225835,2025,13,NA,NA,NA,Full Participation in Practice
00-0039150,CAR,LA,2025_13_LA_CAR,-0.13258448804031975,32.67412674150335,2.0808923777471806,0.11822268434439968,-0.05331671235158081,-0.11842880980392802,-0.07324973420691325,-0.07324973420691325,FALSE,r1,1.21138554099889,2.7142857142857144,0.4462999361574858,Bryce Young,-0.0593347538334065,60.21601803900023,0.5834566386709321,0.956366129013231,11,FALSE,-0.2599570447535919,-0.4932084995704358,-0.1970961933395441,2025,13,NA,NA,NA,NA
00-0039163,HOU,IND,2025_13_HOU_IND,0.2738833898091102,31.665137576026197,3.0326956879306888,0.1028981239794822,2.7932839456320795,1.1866024527734063,-0.022455057068302503,-0.022455057068302503,FALSE,r1,-0.14098464907329009,2.3529411764705883,-0.05991847585614829,C.J. Stroud,0.29633844687741273,71.3808817606226,0.5954058523426548,0.7835252561170647,11,FALSE,-0.30104658872397055,0.5019229717969953,-0.07122176025248285,2025,13,NA,NA,NA,Full Participation in Practice
00-0039732,DEN,WAS,2025_13_DEN_WAS,0.03827312179143218,37.18827026817508,2.5150872710787837,0.10920213017083215,1.035875267970026,0.2049301472622192,0.029816227153667538,0.029816227153667538,FALSE,r1,1.8208673275930796,4.588235294117647,0.3968556996036199,Bo Nix,0.00845689463776464,65.73793566022505,0.5794263802859774,0.9900643937032025,11,FALSE,0.12447135341298662,0.5971157523548486,0.07530493369685355,2025,13,NA,NA,NA,NA
00-0039851,NE,NYG,2025_13_NYG_NE,0.20121636052299485,33.98142171724406,4.096834917194855,0.1444384772632138,-0.5491545515222771,-0.10807967041466435,-0.08385738799991531,-0.08385738799991531,FALSE,r1,1.6377519196159063,4,0.40943797990397657,Drake Maye,0.2850737485229102,66.0452677116389,0.5671437166944534,1,12,FALSE,-0.16265746445810428,0.5198938967905545,0.3982129693065137,2025,13,NA,NA,NA,NA
00-0039918,CHI,PHI,2025_13_CHI_PHI,0.03184238863179501,35.85982530616923,4.144829376066979,0.1429066028104713,2.2853747385634136,0.514278127200704,-0.0889985273748756,-0.0889985273748756,FALSE,r1,0.8769782234720618,4.411764705882353,0.19878173065366733,Caleb Williams,0.1208409160066706,70.99176751530635,0.5594760628391193,1,11,FALSE,-0.35341571446660996,0.19438387862633713,-0.18392702685427256,2025,13,NA,NA,NA,NA
00-0040494,MIN,SEA,2025_13_MIN_SEA,-0.4405821909466475,4,0,0,0,NA,NA,-0.13183251473925311,TRUE,udfa,NA,NA,NA,Max Brosmer,-0.3087496762073944,56.30441655529921,0.5937800505475417,0.10942662779397472,11,FALSE,-0.2371573870237978,-0.04073011024878998,-0.10185903015966152,2025,13,NA,NA,NA,NA
00-0040668,CLE,SF,2025_13_SF_CLE,-0.4352924951406936,19.621621621621625,1.3783783783783785,0.055135135135135134,0.1387971357530537,0.10069596123260757,NA,-0.0628091833448867,TRUE,r4_5,NA,NA,NA,Shedeur Sanders,-0.37248331179580696,59.70214415358767,0.5210143175537757,0.7208108108108108,12,FALSE,0.08253962455438514,0.24636878554109354,0.07830324284045698,2025,13,NA,NA,NA,NA
00-0040676,TEN,JAX,2025_13_JAX_TEN,-0.09251836951162865,38.7204494245687,3.02625126183683,0.14773911650186847,2.0653368304637514,0.3921780135651213,NA,0.04459384335006605,TRUE,r1,NA,NA,NA,Cam Ward,-0.1371122128616947,63.89947436807043,0.6357696920311962,1,11,FALSE,-0.14707548528265957,-0.22369583965397338,0.006742969970622627,2025,13,NA,NA,NA,NA
00-0040691,NYG,NE,2025_13_NYG_NE,0.13958057763380236,32.12328503946031,6.660998582698131,0.25491703743008554,4.544801985567961,0.6731454812423721,NA,0.04459384335006605,TRUE,r1,NA,NA,NA,Jaxson Dart,0.0949867342837363,70.79453841629578,0.5272164079181128,0.9175814021682528,12,FALSE,-0.39505560000325457,0.5543910052369708,0.0031887908185954184,2025,13,NA,NA,NA,Full Participation in Practice
00-0040743,NO,MIA,2025_13_NO_MIA,-0.16676288375180534,29.84551578159732,2.8082800089655717,0.12118544890575002,-1.3589433248278995,-0.33120432771420094,NA,-0.02488408455633742,TRUE,r2_3,NA,NA,NA,Tyler Shough,-0.14187879919546792,65.23218134722885,0.6251772442574589,0.7144840161717344,11,FALSE,-0.02940261435473086,0.5884750398211589,-0.2791466526554397,2025,13,NA,NA,NA,NA
