player_id,posteam,defteam,game_id,rolling_epa_per_opp,wt_target_share,wt_air_yards_share,wt_air_yards_per_target,prior_epa_per_opp,baseline_epa_per_opp,is_cold_start,draft_tier,player_name,form_residual,wt_team_total_plays,wt_snap_share,wt_tgt_per_snap,games_played_so_far,def_used_fallback,def_short_pass_epa_adj,def_deep_pass_epa_adj,season,week,report_status,practice_status
00-0030061,WAS,DEN,2025_13_DEN_WAS,-0.13191856734270202,0.20381320333766162,0.3021623967863222,11.251886906998882,0.33314560726357323,0.33314560726357323,FALSE,r2_3,Zach Ertz,-0.46506417460627525,63.69808099686374,0.7075863062686536,0.14019694654200818,11,FALSE,-0.11513145667357687,0.7351411479503279,2025,13,NA,Did Not Participate In Practice
00-0030506,KC,DAL,2025_13_KC_DAL,0.6124615745791975,0.17209007882420257,0.1775130051236861,8.341038353919622,0.1539309766848712,0.1539309766848712,FALSE,r2_3,Travis Kelce,0.45853059789432626,77.36573971866305,0.8239451886730447,0.12597184357640526,11,FALSE,0.14082954600315203,-0.13008291613431386,2025,13,NA,NA
00-0031610,MIA,NO,2025_13_NO_MIA,1.4834671234709365,0.12061754895574137,0.2148241755447833,10.879737609329446,NA,0.1954090143933528,TRUE,udfa,Darren Waller,1.2880581090775838,60.57538579765782,0.4493798297571882,0.10412473710732055,11,FALSE,0.18238842632617994,-0.48913060892952726,2025,13,Questionable,Limited Participation in Practice
00-0033090,NE,NYG,2025_13_NYG_NE,0.17923868577001917,0.17162217010762887,0.14699636842601838,7.357646548619971,0.24947066992792583,0.24947066992792583,FALSE,r2_3,Hunter Henry,-0.07023198415790666,66.0452677116389,0.8291181551145048,0.10686980355390449,12,FALSE,0.17528668183470078,0.615687607246602,2025,13,NA,Full Participation in Practice
00-0033288,SF,CLE,2025_13_SF_CLE,0.8073747366965657,0.22279336825471602,0.21582928870190152,6.212839829908796,0.7228183802573963,0.7228183802573963,FALSE,r4_5,George Kittle,0.08455635643916937,61.30534850290117,0.889196822951864,0.1295286070189054,11,FALSE,-0.27106238645237096,0.01871659718990912,2025,13,NA,NA
00-0033881,DEN,WAS,2025_13_DEN_WAS,-0.22691583947699911,0.13534158071647473,0.052778070204801984,3.9481571845632626,-0.013190499619957292,-0.013190499619957292,FALSE,r1,Evan Engram,-0.2137253398570418,65.73793566022505,0.4580860526373443,0.17032422551321874,11,FALSE,0.21388444389609335,0.5446055778543479,2025,13,NA,NA
00-0034073,DET,GB,2025_13_GB_DET,-0.36093316989718005,0.02857142857142857,0,0,NA,0.1954090143933528,TRUE,udfa,Ross Dwelley,-0.5563421842905328,66.64276409254761,0.0565115667673889,0.021225298278786216,11,FALSE,-0.2198407530838263,0.11318982928372645,2025,13,NA,NA
00-0034351,PHI,CHI,2025_13_CHI_PHI,0.484246685576182,0.1348960236349504,0.10085503746130273,6.332880560718998,0.3724276393520261,0.3724276393520261,FALSE,r2_3,Dallas Goedert,0.1118190462241559,66.15643406175796,0.8641503182609487,0.07061867825994626,11,FALSE,0.1584676274245508,0.6785090472602208,2025,13,NA,NA
00-0034383,HOU,IND,2025_13_HOU_IND,0.10463868813961331,0.16646050445606358,0.18759885096878254,9.784268071824465,0.03912830963026654,0.03912830963026654,FALSE,r4_5,Dalton Schultz,0.06551037850934677,71.3808817606226,0.7432412059031213,0.13385009854526614,11,FALSE,-0.01108412458562834,0.6543960502773182,2025,13,NA,NA
00-0034753,BAL,CIN,2025_13_CIN_BAL,0.2804527280881382,0.14079175598306862,0.16404536503429268,8.037313294493757,0.7260719536317718,0.7260719536317718,FALSE,r2_3,Mark Andrews,-0.4456192255436336,62.696488428176835,0.6104519693080837,0.10152523178049778,11,FALSE,0.5229352471651212,0.28220970186182737,2025,13,NA,NA
00-0034829,CIN,BAL,2025_13_CIN_BAL,-0.606999213009003,0.10348081220300293,0.12140845887232318,8.114491083019734,0.40683825850946204,0.40683825850946204,FALSE,r2_3,Mike Gesicki,-1.013837471518465,67.35044600349522,0.35518815061486636,0.12017428066502991,11,FALSE,0.043720641520799,0.08187064150988829,2025,13,NA,NA
00-0035229,MIN,SEA,2025_13_MIN_SEA,-0.03780644912065212,0.12505842865636996,0.09793218625554567,4.694986301662282,0.1525449808235952,0.1525449808235952,FALSE,r1,T.J. Hockenson,-0.1903514299442473,56.30441655529921,0.7869200732750121,0.09471613844491901,11,FALSE,0.055300160539680315,0.7407374593302347,2025,13,NA,NA
00-0035689,BUF,PIT,2025_13_BUF_PIT,0.46405593048531685,0.07691111163288976,0.11093555165385921,11.359155977918626,0.3062422348302789,0.3062422348302789,FALSE,r2_3,Dawson Knox,0.15781369565503794,64.44453900613601,0.680855689683357,0.06224097426758811,11,FALSE,-0.12292140773068429,0.3334979362544405,2025,13,NA,NA
00-0036040,NO,MIA,2025_13_NO_MIA,0.8090136212383294,0.14930590298566354,0.16451327432072216,8.773629421905992,0.2480966281385524,0.2480966281385524,FALSE,udfa,Juwan Johnson,0.560916993099777,65.23218134722885,0.6890235952954342,0.13299698229569668,11,FALSE,-0.6378712046237268,0.462843680218444,2025,13,NA,NA
00-0036244,LA,CAR,2025_13_LA_CAR,0.9021904887903915,0.09519432421244242,0.016707353541852633,1.5127155515034465,0.06527827795782085,0.06527827795782085,FALSE,r4_5,Colby Parkinson,0.8369122108325707,62.92825183145399,0.5952540947553089,0.08904495588936108,12,FALSE,-0.08918844511688816,0.4468167198586732,2025,13,NA,NA
00-0036290,CHI,PHI,2025_13_CHI_PHI,0.21607011908420665,0.06551109158708661,0.04333804091184377,6.929183779055952,0.4427449502783759,0.4427449502783759,FALSE,r2_3,Cole Kmet,-0.22667483119416926,70.99176751530635,0.5802801404156858,0.05545615485871585,11,FALSE,-0.7673350020812487,0.2651484034641823,2025,13,NA,NA
00-0036422,DEN,WAS,2025_13_DEN_WAS,0.11968132400955908,0.03836800973632115,0.012802610790606517,2.4632127868379112,0.26698217035234184,0.26698217035234184,FALSE,r2_3,Adam Trautman,-0.14730084634278276,65.73793566022505,0.6262811077537029,0.02050389415739166,11,FALSE,0.21388444389609335,0.5446055778543479,2025,13,NA,NA
00-0036970,ATL,NYJ,2025_13_ATL_NYJ,-0.6441834813135463,0.175304801358689,0.22523600402904376,9.85823618824844,0.09383116521191179,0.09383116521191179,FALSE,r1,Kyle Pitts,-0.7380146465254581,60.08593298403555,0.9124294845975857,0.10414361051103853,10,FALSE,-0.27728598851448893,0.487147816419926,2025,13,NA,NA
00-0037744,ARI,TB,2025_13_ARI_TB,0.6026800452144818,0.2301940310994388,0.23614718301115756,6.86440563540437,0.33381900285286775,0.33381900285286775,FALSE,r2_3,Trey McBride,0.26886104236161407,78.34082318105905,0.873091774087812,0.1682849247883492,11,FALSE,-0.25731018224598895,-0.3531008679370666,2025,13,NA,NA
00-0037809,TEN,JAX,2025_13_JAX_TEN,0.09706230484094672,0.08315364113614714,0.11041500844530157,8.775291647918174,-0.10331420826807038,-0.10331420826807038,FALSE,r4_5,Chig Okonkwo,0.2003765131090171,63.89947436807043,0.6453219769423019,0.07945031088666882,11,FALSE,0.20402158137939336,0.2603061452033751,2025,13,Questionable,Limited Participation in Practice
00-0037838,BAL,CIN,2025_13_CIN_BAL,-0.34671747668569947,0.11998667359688195,0.14494318390502633,8.22909985321404,0.47769827126496006,0.47769827126496006,FALSE,r4_5,Isaiah Likely,-0.8244157479506595,62.696488428176835,0.5613115013793836,0.09182987351398542,11,FALSE,0.5229352471651212,0.28220970186182737,2025,13,NA,NA
00-0038041,DAL,KC,2025_13_KC_DAL,0.04274618412207595,0.14468294629873893,0.06048526188362301,7.400155172124615,-0.14780308391943894,-0.14780308391943894,FALSE,r4_5,Jake Ferguson,0.1905492680415149,69.7786851955152,0.6963776393244812,0.10789237590228065,11,FALSE,-0.03257678111733912,0.27164460062359846,2025,13,NA,NA
00-0038558,PIT,BUF,2025_13_BUF_PIT,0.6522169824340309,0.10472901312828514,0.12089085899066618,6.20250350674075,0.34420989026548343,0.34420989026548343,FALSE,r2_3,Darnell Washington,0.3080070921685475,64.84623538670769,0.6136348484363334,0.06794409179881405,11,FALSE,-0.5464716248582558,0.3069809026279081,2025,13,NA,NA
00-0038935,JAX,TEN,2025_13_JAX_TEN,0.7660541995627619,0.1356219325395998,0.12105804833286289,5.4252474740993915,0.357494601111271,0.357494601111271,FALSE,r2_3,Brenton Strange,0.40855959845149087,70.24036495944426,0.6868246539744278,0.09931507750648864,11,FALSE,0.15979242752670905,0.7330637417486784,2025,13,NA,NA
00-0039338,LV,LAC,2025_13_LV_LAC,0.21071448540044374,0.21391141749782205,0.3159111137304616,6.447073734799496,0.17716066278127543,0.17716066278127543,FALSE,r1,Brock Bowers,0.03355382261916831,64.25482952774018,0.8853835394122831,0.15355134299132495,11,FALSE,-0.18951453775665894,0.4232742671917422,2025,13,NA,NA
00-0039793,SEA,MIN,2025_13_MIN_SEA,0.12593850129233033,0.15940693911972062,0.09036410271443654,5.953537031984101,0.2917537240504508,0.2917537240504508,FALSE,r4_5,AJ Barner,-0.16581522275812047,63.89421467825899,0.7446454470230762,0.08513427253998003,11,FALSE,0.21138412122540431,0.04334417306572031,2025,13,NA,NA
00-0039847,NYG,NE,2025_13_NYG_NE,0.5523203795917393,0.1518176821221567,0.19253207925822255,10.498171776087652,0.10564287570183338,0.10564287570183338,FALSE,r4_5,Theo Johnson,0.4466775038899059,70.79453841629578,0.890500673260519,0.0882237209422965,11,FALSE,-0.06706300776003159,0.07580027811367736,2025,13,NA,NA
00-0040126,CHI,PHI,2025_13_CHI_PHI,0.7720946650135174,0.1372246283239389,0.12728467025994303,8.151754269179499,NA,0.09780411744330664,TRUE,r1,Colston Loveland,0.6742905475702108,70.99176751530635,0.7160906904670018,0.10120529704574358,11,FALSE,-0.7673350020812487,0.2651484034641823,2025,13,NA,NA
00-0040128,IND,HOU,2025_13_HOU_IND,0.4807971492548066,0.19699299171978993,0.11851000480866716,3.7027324530348724,NA,0.09780411744330664,TRUE,r1,Tyler Warren,0.38299303181149996,64.44654614825888,0.8512097960669452,0.13129069787270842,11,FALSE,0.5502087896825374,0.07492904070618596,2025,13,Questionable,NA
00-0040187,CAR,LA,2025_13_LA_CAR,-1.7136626701160071,0.04475351787245886,0.05382503657678383,7.5899694575098735,NA,0.15253167493069733,TRUE,r4_5,Mitchell Evans,-1.8661943450467045,60.21601803900023,0.31324572239421217,0.053703550782156266,11,FALSE,0.30717933778306084,-2.7938293568647294,2025,13,NA,NA
00-0040584,TEN,JAX,2025_13_JAX_TEN,0.44865015390628366,0.1073479232202387,0.11132815465849338,7.1536654719793376,NA,0.15253167493069733,TRUE,r4_5,Gunnar Helm,0.2961184789755863,63.89947436807043,0.5649343844848419,0.1173180863440889,11,FALSE,0.20402158137939336,0.2603061452033751,2025,13,NA,NA
00-0040663,CLE,SF,2025_13_SF_CLE,0.002075466717123872,0.22791196465599844,0.17400707141357682,4.583022059517263,NA,0.28661220259131037,TRUE,r2_3,Harold Fannin Jr.,-0.2845367358741865,59.70214415358767,0.7765257397860733,0.14446302007762649,12,FALSE,-0.8888229107952266,-0.018741197644748468,2025,13,NA,NA
00-0040736,NYJ,ATL,2025_13_ATL_NYJ,-0.11118328461390461,0.1594919335415932,0.14996053486458275,5.314329747666339,NA,0.28661220259131037,TRUE,r2_3,Mason Taylor,-0.39779548720521496,59.77364121871108,0.8178895684223121,0.0939341769398825,11,FALSE,0.29675368373994837,-0.26122939256221,2025,13,NA,NA
