position,player_id,player_name,posteam,defteam,game_id,season,week,report_status,practice_status,thresh_start,thresh_boom,pred_vol,pred_tot,lo_80_tot,hi_80_tot,lo_90_tot,hi_90_tot,p_start,p_boom,p_start_recal,p_boom_recal,recal_method_start,recal_method_boom,kickoff_et,run_ts,as_of,run_mode
QB,00-0039910,Jayden Daniels,WAS,MIN,2025_14_WAS_MIN,2025,14,NA,Full Participation in Practice,20,25,8.502885471653649,3.1468151020066912,-10.26761399059199,16.561244194605372,-13.41629018640981,19.709920390423193,0.4865,0.254,0.4974089138653885,0.24330839452465164,platt_vol_vegas,platt,2025-12-07T18:00:00Z,2026-08-31 06:35:46,2025-12-03 20:15:00,hindcast
QB,00-0036389,Jalen Hurts,PHI,LAC,2025_14_PHI_LAC,2025,14,NA,NA,20,25,7.320973351440192,2.2841342814356476,-11.130294811163033,15.698563374034329,-14.278971006980854,18.84723956985215,0.414,0.1985,0.4336002188532586,0.18865860915357271,platt_vol_vegas,platt,2025-12-09T01:15:00Z,2026-08-31 06:35:46,2025-12-03 20:15:00,hindcast
QB,00-0034857,Josh Allen,BUF,CIN,2025_14_CIN_BUF,2025,14,NA,NA,20,25,4.967942908897233,5.154952913147756,-8.259476179450925,18.569382005746437,-11.408152375268745,21.718058201564258,0.4465,0.236,0.3929139570526957,0.22552570239515704,platt_vol_vegas,platt,2025-12-07T18:00:00Z,2026-08-31 06:35:46,2025-12-03 20:15:00,hindcast
QB,00-0034796,Lamar Jackson,BAL,PIT,2025_14_PIT_BAL,2025,14,NA,Full Participation in Practice,20,25,5.284114191871157,3.1451312749287275,-10.269297817669953,16.559560367527407,-13.417974013487774,19.708236563345228,0.3815,0.1925,0.3699260291130715,0.1827839954242001,platt_vol_vegas,platt,2025-12-07T18:00:00Z,2026-08-31 06:35:46,2025-12-03 20:15:00,hindcast
QB,00-0039732,Bo Nix,DEN,LV,2025_14_DEN_LV,2025,14,NA,NA,20,25,4.261693784778409,3.497951523056553,-9.916477569542128,16.912380615655234,-13.065153765359948,20.061056811473055,0.39,0.216,0.3507119045389344,0.20583173554680478,platt_vol_vegas,platt,2025-12-07T21:05:00Z,2026-08-31 06:35:46,2025-12-03 20:15:00,hindcast
QB,00-0033873,Patrick Mahomes,KC,HOU,2025_14_HOU_KC,2025,14,NA,Full Participation in Practice,20,25,2.3937597169339386,2.4867062530034127,-10.927722839595269,15.901135345602093,-14.07639903541309,19.049811541419913,0.3395,0.171,0.2881958864416122,0.16179214704688508,platt_vol_vegas,platt,2025-12-08T01:20:00Z,2026-08-31 06:35:46,2025-12-03 20:15:00,hindcast
QB,00-0036971,Trevor Lawrence,JAX,IND,2025_14_IND_JAX,2025,14,NA,NA,20,25,3.6986156525977707,1.5471190090031204,-11.86731008359556,14.961548101601801,-15.015986279413381,18.11022429741962,0.2795,0.126,0.28687152470395405,0.11818355957681262,platt_vol_vegas,platt,2025-12-07T18:00:00Z,2026-08-31 06:35:46,2025-12-03 20:15:00,hindcast
QB,00-0034855,Baker Mayfield,TB,NO,2025_14_NO_TB,2025,14,NA,Full Participation in Practice,20,25,2.9584885782302828,2.284636725390301,-11.12979236720838,15.699065817988982,-14.2784685630262,18.8477420138068,0.2995,0.1305,0.28154062541996666,0.1225226067216021,platt_vol_vegas,platt,2025-12-07T18:00:00Z,2026-08-31 06:35:46,2025-12-03 20:15:00,hindcast
QB,00-0030565,Geno Smith,LV,DEN,2025_14_DEN_LV,2025,14,NA,Full Participation in Practice,20,25,2.929464223326222,0.46694804437365534,-12.947481048225026,13.881377136972336,-16.096157244042846,17.030053332790157,0.2945,0.137,0.27865187157798277,0.1287991356320276,platt_vol_vegas,platt,2025-12-07T21:05:00Z,2026-08-31 06:35:46,2025-12-03 20:15:00,hindcast
QB,00-0036355,Justin Herbert,LAC,PHI,2025_14_PHI_LAC,2025,14,Questionable,Limited Participation in Practice,20,25,3.797139954870455,0.5316438862277167,-12.882785206370965,13.946072978826397,-16.031461402188786,17.094749174644218,0.2435,0.0965,0.27084450392634596,0.08987493161579076,platt_vol_vegas,platt,2025-12-09T01:15:00Z,2026-08-31 06:35:46,2025-12-03 20:15:00,hindcast
QB,00-0040743,Tyler Shough,NO,TB,2025_14_NO_TB,2025,14,NA,NA,20,25,3.73761974146295,-1.5553271349452436,-14.969756227543925,11.859101957653436,-18.118432423361746,15.007778153471257,0.2355,0.095,0.26556584090616403,0.08844228977652756,platt_vol_vegas,platt,2025-12-07T18:00:00Z,2026-08-31 06:35:46,2025-12-03 20:15:00,hindcast
QB,00-0039918,Caleb Williams,CHI,GB,2025_14_CHI_GB,2025,14,NA,NA,20,25,3.048783840077248,0.25927072397691775,-13.155158368621763,13.6736998165756,-16.303834564439583,16.82237601239342,0.2615,0.105,0.2653684417858476,0.09800618223806024,platt_vol_vegas,platt,2025-12-07T21:25:00Z,2026-08-31 06:35:46,2025-12-03 20:15:00,hindcast
QB,00-0039163,C.J. Stroud,HOU,KC,2025_14_HOU_KC,2025,14,NA,NA,20,25,2.325091050899377,2.5395532404472587,-10.874875852151423,15.95398233304594,-14.023552047969243,19.10265852886376,0.2905,0.1465,0.26505433757043423,0.13799106138474154,platt_vol_vegas,platt,2025-12-08T01:20:00Z,2026-08-31 06:35:46,2025-12-03 20:15:00,hindcast
QB,00-0033106,Jared Goff,DET,DAL,2025_14_DAL_DET,2025,14,NA,NA,20,25,1.3782894885940156,2.826092871096192,-10.58833622150249,16.240521963694874,-13.73701241732031,19.389198159512695,0.2985,0.139,0.25076420504467334,0.1307324733195215,platt_vol_vegas,platt,2025-12-05T01:15:00Z,2026-08-31 06:35:46,2025-12-03 20:15:00,hindcast
QB,00-0040676,Cam Ward,TEN,CLE,2025_14_TEN_CLE,2025,14,NA,NA,20,25,3.3409236006739977,-2.9770680607116695,-16.39149715331035,10.437361031887011,-19.54017334912817,13.586037227704832,0.221,0.0975,0.2505471282606109,0.09083041350338189,platt_vol_vegas,platt,2025-12-07T18:00:00Z,2026-08-31 06:35:46,2025-12-03 20:15:00,hindcast
QB,00-0033077,Dak Prescott,DAL,DET,2025_14_DAL_DET,2025,14,NA,NA,20,25,1.886399401180602,0.6239104304509773,-12.790518662147704,14.038339523049657,-15.939194857965525,17.187015718867478,0.276,0.1315,0.2502596378085678,0.12348753939590863,platt_vol_vegas,platt,2025-12-05T01:15:00Z,2026-08-31 06:35:46,2025-12-03 20:15:00,hindcast
QB,00-0034869,Sam Darnold,SEA,ATL,2025_14_SEA_ATL,2025,14,NA,NA,20,25,2.0914887196573555,1.7226126336127856,-11.691816458985896,15.137041726211466,-14.840492654803716,18.28571792202929,0.2575,0.1055,0.2455705432212727,0.0984851606157873,platt_vol_vegas,platt,2025-12-07T18:00:00Z,2026-08-31 06:35:46,2025-12-03 20:15:00,hindcast
QB,00-0036442,Joe Burrow,CIN,BUF,2025_14_CIN_BUF,2025,14,NA,NA,20,25,1.7683364704690234,0.7678971752675611,-12.646531917331119,14.182326267866243,-15.79520811314894,17.33100246368406,0.27,0.1255,0.24539559707956018,0.1177017646964939,platt_vol_vegas,platt,2025-12-07T18:00:00Z,2026-08-31 06:35:46,2025-12-03 20:15:00,hindcast
QB,00-0033119,Jacoby Brissett,ARI,LA,2025_14_LA_ARI,2025,14,NA,NA,20,25,2.062966285722367,-1.0234479686728408,-14.437877061271521,12.39098112392584,-17.586553257089342,15.539657319743661,0.2545,0.107,0.2436580075330253,0.09992253203134395,platt_vol_vegas,platt,2025-12-07T21:25:00Z,2026-08-31 06:35:46,2025-12-03 20:15:00,hindcast
QB,00-0036264,Jordan Love,GB,CHI,2025_14_CHI_GB,2025,14,NA,Full Participation in Practice,20,25,1.6681479746882013,2.3790244588292206,-11.03540463376946,15.793453551427902,-14.18408082958728,18.942129747245723,0.253,0.1005,0.2358883228519026,0.09369869486608301,platt_vol_vegas,platt,2025-12-07T21:25:00Z,2026-08-31 06:35:46,2025-12-03 20:15:00,hindcast
QB,00-0039923,J.J. McCarthy,MIN,WAS,2025_14_WAS_MIN,2025,14,NA,Full Participation in Practice,20,25,3.2928477271424446,-1.464086112293746,-14.878515204892427,11.950342980304935,-18.027191400710247,15.099019176122756,0.1935,0.0755,0.23492667361065808,0.06988501674435874,platt_vol_vegas,platt,2025-12-07T18:00:00Z,2026-08-31 06:35:46,2025-12-03 20:15:00,hindcast
QB,00-0026498,Matthew Stafford,LA,ARI,2025_14_LA_ARI,2025,14,NA,NA,20,25,1.2569610358903043,1.4404864126635677,-11.973942679935114,14.854915505262248,-15.122618875752934,18.00359170108007,0.2365,0.0925,0.22122020547770166,0.08605612114347229,platt_vol_vegas,platt,2025-12-07T21:25:00Z,2026-08-31 06:35:46,2025-12-03 20:15:00,hindcast
QB,00-0036212,Tua Tagovailoa,MIA,NYJ,2025_14_MIA_NYJ,2025,14,NA,NA,20,25,1.2496740889103353,2.506283545826439,-10.908145546772243,15.920712638425119,-14.056821742590063,19.06938883424294,0.202,0.074,0.20489294921472745,0.06846301605117991,platt_vol_vegas,platt,2025-12-07T18:00:00Z,2026-08-31 06:35:46,2025-12-03 20:15:00,hindcast
QB,00-0023459,Aaron Rodgers,PIT,BAL,2025_14_PIT_BAL,2025,14,NA,Full Participation in Practice,20,25,1.2506204323250438,0.7262840662254589,-12.688145026373222,14.14071315882414,-15.836821222191043,17.289389354641962,0.1925,0.079,0.2002648089189749,0.07320620366646062,platt_vol_vegas,platt,2025-12-07T18:00:00Z,2026-08-31 06:35:46,2025-12-03 20:15:00,hindcast
QB,00-0040668,Shedeur Sanders,CLE,TEN,2025_14_TEN_CLE,2025,14,NA,NA,20,25,1.7739811366850298,-3.031172852329853,-16.445601944928534,10.383256240268828,-19.594278140746354,13.531932436086649,0.1325,0.0405,0.17560432633401368,0.03695095393465202,platt_vol_vegas,platt,2025-12-07T18:00:00Z,2026-08-31 06:35:46,2025-12-03 20:15:00,hindcast
QB,00-0029604,Kirk Cousins,ATL,SEA,2025_14_SEA_ATL,2025,14,NA,NA,20,25,1.0687452633516048,-2.002936800026303,-15.417365892624984,11.411492292572378,-18.566042088442806,14.560168488390199,0.132,0.0455,0.16549898883509173,0.04162037598801674,platt_vol_vegas,platt,2025-12-07T18:00:00Z,2026-08-31 06:35:46,2025-12-03 20:15:00,hindcast
QB,00-0040398,Brady Cook,NYJ,MIA,2025_14_MIA_NYJ,2025,14,NA,NA,20,25,2.3840162279087576,-4.148125924031049,-17.56255501662973,9.266303168567632,-20.71123121244755,12.414979364385452,0.094,0.024,0.1582031065761132,0.021653663721554677,platt_vol_vegas,platt,2025-12-07T18:00:00Z,2026-08-31 06:35:46,2025-12-03 20:15:00,hindcast
QB,00-0040206,Riley Leonard,IND,JAX,2025_14_IND_JAX,2025,14,NA,NA,20,25,1.8557266003969266,-5.8461954206758415,-19.26062451327452,7.568233671922839,-22.409300709092342,10.716909867740661,0.06,0.017,0.12386549037261765,0.015230446965725123,platt_vol_vegas,platt,2025-12-07T18:00:00Z,2026-08-31 06:35:46,2025-12-03 20:15:00,hindcast
RB,00-0040122,Ashton Jeanty,LV,DEN,2025_14_DEN_LV,2025,14,NA,NA,15,20,24.33461843620792,-1.3388123079398997,-7.919452402633263,5.241827786753465,-9.970466733901672,7.292842118021872,0.6825,0.416,0.6825,0.416,raw,raw,2025-12-07T21:05:00Z,2026-08-31 06:35:46,2025-12-03 20:15:00,hindcast
RB,00-0036223,Jonathan Taylor,IND,JAX,2025_14_IND_JAX,2025,14,NA,NA,15,20,25.2572448297994,-1.8664293931265143,-8.583754652959046,4.850895866706017,-10.677370194525869,6.94451140827284,0.679,0.415,0.679,0.415,raw,raw,2025-12-07T18:00:00Z,2026-08-31 06:35:46,2025-12-03 20:15:00,hindcast
RB,00-0038542,Bijan Robinson,ATL,SEA,2025_14_SEA_ATL,2025,14,NA,NA,15,20,22.315182563030355,-1.6843892768990163,-7.957501325888933,4.588722772090901,-9.91266716522821,6.5438886114301775,0.575,0.3115,0.575,0.3115,raw,raw,2025-12-07T18:00:00Z,2026-08-31 06:35:46,2025-12-03 20:15:00,hindcast
RB,00-0034844,Saquon Barkley,PHI,LAC,2025_14_PHI_LAC,2025,14,NA,NA,15,20,22.146112367364992,-1.286314978684529,-7.533125923736485,4.960495966367427,-9.480094393165128,6.9074644357960695,0.5715,0.319,0.5715,0.319,raw,raw,2025-12-09T01:15:00Z,2026-08-31 06:35:46,2025-12-03 20:15:00,hindcast
RB,00-0038120,Breece Hall,NYJ,MIA,2025_14_MIA_NYJ,2025,14,NA,NA,15,20,20.762298236944332,-1.3486817518107075,-7.376745263884892,4.679381760263476,-9.255535848866188,6.558172345244774,0.5205,0.264,0.5205,0.264,raw,raw,2025-12-07T18:00:00Z,2026-08-31 06:35:46,2025-12-03 20:15:00,hindcast
RB,00-0039040,De'Von Achane,MIA,NYJ,2025_14_MIA_NYJ,2025,14,NA,NA,15,20,20.686872378655497,-0.7957488942486297,-6.811704693553471,5.220206905056212,-8.68672161942996,7.0952238309327,0.5205,0.2835,0.5205,0.2835,raw,raw,2025-12-07T18:00:00Z,2026-08-31 06:35:46,2025-12-03 20:15:00,hindcast
RB,00-0037248,James Cook,BUF,CIN,2025_14_CIN_BUF,2025,14,NA,NA,15,20,19.30791483021022,-0.44861420519784473,-6.239617362143796,5.342388951748107,-8.04452240122878,7.147293990833091,0.5175,0.2865,0.5175,0.2865,raw,raw,2025-12-07T18:00:00Z,2026-08-31 06:35:46,2025-12-03 20:15:00,hindcast
RB,00-0040666,Omarion Hampton,LAC,PHI,2025_14_PHI_LAC,2025,14,Questionable,Full Participation in Practice,15,20,20.021791195060825,-1.3396094691016909,-7.247935399380137,4.568716461176755,-9.089406894923231,6.410187956719849,0.4975,0.256,0.4975,0.256,raw,raw,2025-12-09T01:15:00Z,2026-08-31 06:35:46,2025-12-03 20:15:00,hindcast
RB,00-0032764,Derrick Henry,BAL,PIT,2025_14_PIT_BAL,2025,14,NA,NA,15,20,18.864824213554364,-0.8278015301937185,-6.545006379450455,4.889403319063018,-8.326910405789581,6.671307345402145,0.4775,0.249,0.4775,0.249,raw,raw,2025-12-07T18:00:00Z,2026-08-31 06:35:46,2025-12-03 20:15:00,hindcast
RB,00-0038597,Chase Brown,CIN,BUF,2025_14_CIN_BUF,2025,14,NA,Full Participation in Practice,15,20,19.660537139707017,-1.4350476933033673,-7.284241218313761,4.4141458317070255,-9.107282681382513,6.2371872947757785,0.47,0.225,0.47,0.225,raw,raw,2025-12-07T18:00:00Z,2026-08-31 06:35:46,2025-12-03 20:15:00,hindcast
RB,00-0033923,Kareem Hunt,KC,HOU,2025_14_HOU_KC,2025,14,NA,NA,15,20,19.24466055447682,-1.47256189108699,-7.253076557049652,4.307952774875672,-9.054712606338725,6.109588824164746,0.461,0.2345,0.461,0.2345,raw,raw,2025-12-08T01:20:00Z,2026-08-31 06:35:46,2025-12-03 20:15:00,hindcast
RB,00-0039361,Bucky Irving,TB,NO,2025_14_NO_TB,2025,14,NA,Full Participation in Practice,15,20,18.763000467756175,-0.9100591240059543,-6.610195621015044,4.790077373003135,-8.38677988596815,6.56666163795624,0.454,0.227,0.454,0.227,raw,raw,2025-12-07T18:00:00Z,2026-08-31 06:35:46,2025-12-03 20:15:00,hindcast
RB,00-0039139,Jahmyr Gibbs,DET,DAL,2025_14_DAL_DET,2025,14,NA,NA,15,20,19.03427439687761,-1.1840530586947307,-6.929571103211282,4.5614649858218215,-8.720299615984292,6.352193498594831,0.4495,0.236,0.4495,0.236,raw,raw,2025-12-05T01:15:00Z,2026-08-31 06:35:46,2025-12-03 20:15:00,hindcast
RB,00-0036997,Javonte Williams,DAL,DET,2025_14_DAL_DET,2025,14,NA,NA,15,20,19.230542940531976,-1.7247164982838354,-7.50288815077783,4.053455154210159,-9.303793943718974,5.854360947151303,0.447,0.2175,0.447,0.2175,raw,raw,2025-12-05T01:15:00Z,2026-08-31 06:35:46,2025-12-03 20:15:00,hindcast
RB,00-0040784,Quinshon Judkins,CLE,TEN,2025_14_TEN_CLE,2025,14,NA,NA,15,20,18.13926425470737,-1.3974150734456425,-6.992078608600279,4.197248461708995,-8.735789695076528,5.940959548185242,0.412,0.2025,0.412,0.2025,raw,raw,2025-12-07T18:00:00Z,2026-08-31 06:35:46,2025-12-03 20:15:00,hindcast
RB,00-0039391,Kimani Vidal,LAC,PHI,2025_14_PHI_LAC,2025,14,NA,NA,15,20,18.222062637338208,-1.5278753230025748,-7.136632369498332,4.0808817234931825,-8.884736036836408,5.828985390831259,0.408,0.197,0.408,0.197,raw,raw,2025-12-09T01:15:00Z,2026-08-31 06:35:46,2025-12-03 20:15:00,hindcast
RB,00-0037840,Kyren Williams,LA,ARI,2025_14_LA_ARI,2025,14,NA,Full Participation in Practice,15,20,18.168149085776548,-1.368826642232439,-6.96841006732594,4.230756782861062,-8.713654555512004,5.976001271047125,0.401,0.188,0.401,0.188,raw,raw,2025-12-07T21:25:00Z,2026-08-31 06:35:46,2025-12-03 20:15:00,hindcast
RB,00-0035700,Josh Jacobs,GB,CHI,2025_14_CHI_GB,2025,14,NA,Full Participation in Practice,15,20,17.51596558791884,-1.1050235353555173,-6.592653682864305,4.38260661215327,-8.303005246736838,6.092958176025803,0.3965,0.1785,0.3965,0.1785,raw,raw,2025-12-07T21:25:00Z,2026-08-31 06:35:46,2025-12-03 20:15:00,hindcast
RB,00-0036973,Travis Etienne,JAX,IND,2025_14_IND_JAX,2025,14,NA,NA,15,20,17.82415688851312,-1.6509855492670458,-7.191747934612284,3.889776836078193,-8.918659434856782,5.61668833632269,0.3865,0.1805,0.3865,0.1805,raw,raw,2025-12-07T18:00:00Z,2026-08-31 06:35:46,2025-12-03 20:15:00,hindcast
RB,00-0040583,Woody Marks,HOU,KC,2025_14_HOU_KC,2025,14,NA,Full Participation in Practice,15,20,17.717764721629855,-1.1935964554951253,-6.716063626908179,4.328870715917928,-8.437272984894692,6.050080073904442,0.3845,0.186,0.3845,0.186,raw,raw,2025-12-08T01:20:00Z,2026-08-31 06:35:46,2025-12-03 20:15:00,hindcast
RB,00-0033293,Aaron Jones,MIN,WAS,2025_14_WAS_MIN,2025,14,NA,Limited Participation in Practice,15,20,16.62606329354621,-0.6826660283284942,-6.014480114650763,4.6491480579937745,-7.676267865590713,6.310935808933724,0.3725,0.169,0.3725,0.169,raw,raw,2025-12-07T18:00:00Z,2026-08-31 06:35:46,2025-12-03 20:15:00,hindcast
RB,00-0038134,Kenneth Walker III,SEA,ATL,2025_14_SEA_ATL,2025,14,NA,Full Participation in Practice,15,20,16.54700702828169,-1.1273917814467045,-6.4451851349799565,4.190401572086548,-8.102602988239536,5.847819425346126,0.3545,0.1555,0.3545,0.1555,raw,raw,2025-12-07T18:00:00Z,2026-08-31 06:35:46,2025-12-03 20:15:00,hindcast
RB,00-0037228,Jaylen Warren,PIT,BAL,2025_14_PIT_BAL,2025,14,NA,NA,15,20,15.845338181366234,-0.918425021390393,-6.11043663974814,4.2735865969673545,-7.7286515981913295,5.891801555410544,0.3355,0.1555,0.3355,0.1555,raw,raw,2025-12-07T18:00:00Z,2026-08-31 06:35:46,2025-12-03 20:15:00,hindcast
RB,00-0036275,D'Andre Swift,CHI,GB,2025_14_CHI_GB,2025,14,NA,NA,15,20,16.410433436713618,-0.8571366984253921,-6.150637716955583,4.436364320104799,-7.8004842813261925,6.086210884475409,0.335,0.1565,0.335,0.1565,raw,raw,2025-12-07T21:25:00Z,2026-08-31 06:35:46,2025-12-03 20:15:00,hindcast
RB,00-0035261,Tony Pollard,TEN,CLE,2025_14_TEN_CLE,2025,14,NA,Full Participation in Practice,15,20,17.267943114653246,-2.421656875115514,-7.866223344883742,3.022909594652714,-9.563153080646538,4.71983933041551,0.3335,0.135,0.3335,0.135,raw,raw,2025-12-07T18:00:00Z,2026-08-31 06:35:46,2025-12-03 20:15:00,hindcast
RB,00-0037157,Bam Knight,ARI,LA,2025_14_LA_ARI,2025,14,NA,NA,15,20,15.063544814531923,-0.8812076111784194,-5.930100241003735,4.167685018646895,-7.503708733763842,5.741293511407003,0.314,0.128,0.314,0.128,raw,raw,2025-12-07T21:25:00Z,2026-08-31 06:35:46,2025-12-03 20:15:00,hindcast
RB,00-0040202,Devin Neal,NO,TB,2025_14_NO_TB,2025,14,NA,NA,15,20,16.253990054694434,-1.7469611426361358,-7.012524126909147,3.518601841636876,-8.653663132771102,5.159740847498831,0.3025,0.1275,0.3025,0.1275,raw,raw,2025-12-07T18:00:00Z,2026-08-31 06:35:46,2025-12-03 20:15:00,hindcast
RB,00-0037197,Isiah Pacheco,KC,HOU,2025_14_HOU_KC,2025,14,NA,Full Participation in Practice,15,20,14.310350702211558,-1.1409666918532362,-6.0487960929763975,3.7668627092699256,-7.578438846914773,5.2965054632083,0.255,0.0965,0.255,0.0965,raw,raw,2025-12-08T01:20:00Z,2026-08-31 06:35:46,2025-12-03 20:15:00,hindcast
RB,00-0040730,RJ Harvey,DEN,LV,2025_14_DEN_LV,2025,14,NA,NA,15,20,13.426919569299208,-0.7429707285435162,-5.481038475649602,3.99509701856257,-6.957770938145413,5.471829481058381,0.254,0.091,0.254,0.091,raw,raw,2025-12-07T21:05:00Z,2026-08-31 06:35:46,2025-12-03 20:15:00,hindcast
RB,00-0040236,Kyle Monangai,CHI,GB,2025_14_CHI_GB,2025,14,NA,Full Participation in Practice,15,20,13.697819851719357,-0.7793516226367416,-5.569993722677712,4.011290477404229,-7.063112243334273,5.50440899806079,0.252,0.097,0.252,0.097,raw,raw,2025-12-07T21:25:00Z,2026-08-31 06:35:46,2025-12-03 20:15:00,hindcast
RB,00-0039165,Zach Charbonnet,SEA,ATL,2025_14_SEA_ATL,2025,14,NA,NA,15,20,12.648153907695846,-0.42727803278564697,-5.0115021161695505,4.156946050598256,-6.44028551071322,5.585729445141926,0.233,0.0845,0.233,0.0845,raw,raw,2025-12-07T18:00:00Z,2026-08-31 06:35:46,2025-12-03 20:15:00,hindcast
RB,00-0036924,Michael Carter,ARI,LA,2025_14_LA_ARI,2025,14,NA,NA,15,20,12.226535134156117,-0.5734874765872787,-5.0726516389548575,3.9256766857803,-6.4749240688339,5.327949115659342,0.217,0.076,0.217,0.076,raw,raw,2025-12-07T21:25:00Z,2026-08-31 06:35:46,2025-12-03 20:15:00,hindcast
RB,00-0037525,Jordan Mason,MIN,WAS,2025_14_WAS_MIN,2025,14,NA,NA,15,20,12.186121347213293,-0.4642603502934568,-4.955202738567902,4.026682037980988,-6.354912655340194,5.426391954753281,0.2085,0.0725,0.2085,0.0725,raw,raw,2025-12-07T18:00:00Z,2026-08-31 06:35:46,2025-12-03 20:15:00,hindcast
RB,00-0037256,Rachaad White,TB,NO,2025_14_NO_TB,2025,14,NA,NA,15,20,12.669440831075798,-0.7582504264141815,-5.346735142026623,3.83023428919826,-6.776846464801476,5.260345611973113,0.204,0.076,0.204,0.076,raw,raw,2025-12-07T18:00:00Z,2026-08-31 06:35:46,2025-12-03 20:15:00,hindcast
RB,00-0038611,Chris Rodriguez Jr.,WAS,MIN,2025_14_WAS_MIN,2025,14,NA,NA,15,20,12.589903086049564,-0.7501690787894068,-5.322717674627761,3.8223795170489474,-6.747862123425139,5.247523965846326,0.201,0.075,0.201,0.075,raw,raw,2025-12-07T18:00:00Z,2026-08-31 06:35:46,2025-12-03 20:15:00,hindcast
RB,00-0035685,David Montgomery,DET,DAL,2025_14_DAL_DET,2025,14,NA,NA,15,20,12.035814769243354,-0.8589329055867063,-5.319189304816282,3.6013234936428695,-6.709335197056838,4.991469385883425,0.194,0.065,0.194,0.065,raw,raw,2025-12-05T01:15:00Z,2026-08-31 06:35:46,2025-12-03 20:15:00,hindcast
RB,00-0039738,Blake Corum,LA,ARI,2025_14_LA_ARI,2025,14,NA,NA,15,20,11.492884096052652,-0.8851565987153723,-5.233114531392479,3.462801333961734,-6.588259912897868,4.817946715467123,0.161,0.0565,0.161,0.0565,raw,raw,2025-12-07T21:25:00Z,2026-08-31 06:35:46,2025-12-03 20:15:00,hindcast
RB,00-0038951,Sean Tucker,TB,NO,2025_14_NO_TB,2025,14,NA,NA,15,20,11.159367507832027,-0.5241041914671932,-4.801898699952153,3.753690317017766,-6.135175967341257,5.08696758440687,0.1605,0.0495,0.1605,0.0495,raw,raw,2025-12-07T18:00:00Z,2026-08-31 06:35:46,2025-12-03 20:15:00,hindcast
RB,00-0039032,Tyjae Spears,TEN,CLE,2025_14_TEN_CLE,2025,14,NA,NA,15,20,10.852729780809204,-0.593478714567428,-4.8059315957562045,3.618974166621349,-6.118843577689121,4.931886148554265,0.1605,0.0525,0.1605,0.0525,raw,raw,2025-12-07T18:00:00Z,2026-08-31 06:35:46,2025-12-03 20:15:00,hindcast
RB,00-0033526,Samaje Perine,CIN,BUF,2025_14_CIN_BUF,2025,14,NA,NA,15,20,10.676741882584523,-0.6735990135801248,-4.848177097460905,3.500979070300655,-6.149284490333368,4.802086463173119,0.1515,0.042,0.1515,0.042,raw,raw,2025-12-07T18:00:00Z,2026-08-31 06:35:46,2025-12-03 20:15:00,hindcast
RB,00-0036919,Kenneth Gainwell,PIT,BAL,2025_14_PIT_BAL,2025,14,NA,NA,15,20,10.498227320656081,-0.6847967140674176,-4.82066966864077,3.4510762405059343,-6.109713679568497,4.740120251433661,0.1515,0.0505,0.1515,0.0505,raw,raw,2025-12-07T18:00:00Z,2026-08-31 06:35:46,2025-12-03 20:15:00,hindcast
RB,00-0040242,Jacory Croskey-Merritt,WAS,MIN,2025_14_WAS_MIN,2025,14,NA,NA,15,20,11.063008140380814,-1.0138482937141953,-5.271197097584407,3.243500510156016,-6.598101970711813,4.570405383283422,0.1405,0.0375,0.1405,0.0375,raw,raw,2025-12-07T18:00:00Z,2026-08-31 06:35:46,2025-12-03 20:15:00,hindcast
RB,00-0038794,Jaleel McLaughlin,DEN,LV,2025_14_DEN_LV,2025,14,NA,NA,15,20,9.969433218717201,-0.9671456447905304,-4.986602512288111,3.0523112227070497,-6.23936265727776,4.305071367696699,0.127,0.035,0.127,0.035,raw,raw,2025-12-07T21:05:00Z,2026-08-31 06:35:46,2025-12-03 20:15:00,hindcast
RB,00-0037263,Tyler Allgeier,ATL,SEA,2025_14_SEA_ATL,2025,14,NA,NA,15,20,10.07373524350171,-0.7100923924563809,-4.7527265524369815,3.33254176752422,-6.012710456568391,4.59252567165563,0.1155,0.0295,0.1155,0.0295,raw,raw,2025-12-07T18:00:00Z,2026-08-31 06:35:46,2025-12-03 20:15:00,hindcast
RB,00-0035537,Ty Johnson,BUF,CIN,2025_14_CIN_BUF,2025,14,NA,NA,15,20,8.911156795566162,0.16661338083592866,-3.6112251822805566,3.9444519439524135,-4.788679187160518,5.121905948832376,0.113,0.023,0.113,0.023,raw,raw,2025-12-07T18:00:00Z,2026-08-31 06:35:46,2025-12-03 20:15:00,hindcast
RB,00-0038454,Keaton Mitchell,BAL,PIT,2025_14_PIT_BAL,2025,14,NA,NA,15,20,8.5868982945467,-0.36278394295757643,-4.0640502092485304,3.338482323333378,-5.2176386211303365,4.492070735215184,0.0865,0.0245,0.0865,0.0245,raw,raw,2025-12-07T18:00:00Z,2026-08-31 06:35:46,2025-12-03 20:15:00,hindcast
RB,00-0040162,Dylan Sampson,CLE,TEN,2025_14_TEN_CLE,2025,14,Questionable,Limited Participation in Practice,15,20,8.589144372379174,-0.5824058321787227,-4.2842069082127106,3.1193952438552657,-5.4379620063790854,4.27315034202164,0.0855,0.027,0.0855,0.027,raw,raw,2025-12-07T18:00:00Z,2026-08-31 06:35:46,2025-12-03 20:15:00,hindcast
RB,00-0037557,Ronnie Rivers,LA,ARI,2025_14_LA_ARI,2025,14,NA,NA,15,20,8.439999360214145,-0.8197196397649327,-4.485870975695015,2.84643169616515,-5.628514977249668,3.9890756977198025,0.079,0.023,0.079,0.023,raw,raw,2025-12-07T21:25:00Z,2026-08-31 06:35:46,2025-12-03 20:15:00,hindcast
RB,00-0039874,Jaylen Wright,MIA,NYJ,2025_14_MIA_NYJ,2025,14,NA,NA,15,20,8.366295194140188,-0.597885352364384,-4.246315314383395,3.0505446096546267,-5.383436024686991,4.1876653199582234,0.0785,0.0215,0.0785,0.0215,raw,raw,2025-12-07T18:00:00Z,2026-08-31 06:35:46,2025-12-03 20:15:00,hindcast
RB,00-0040198,Ollie Gordon II,MIA,NYJ,2025_14_MIA_NYJ,2025,14,NA,NA,15,20,8.041976743690729,-0.6150195264322879,-4.184626458038543,2.9545874051739673,-5.297180080234565,4.067141027369988,0.0675,0.014,0.0675,0.014,raw,raw,2025-12-07T18:00:00Z,2026-08-31 06:35:46,2025-12-03 20:15:00,hindcast
RB,00-0037085,Tyler Badie,DEN,LV,2025_14_DEN_LV,2025,14,NA,NA,15,20,7.782829574239073,-1.087278040158677,-4.592873205623923,2.4183171253065696,-5.685476025491326,3.5109199451739723,0.065,0.017,0.065,0.017,raw,raw,2025-12-07T21:05:00Z,2026-08-31 06:35:46,2025-12-03 20:15:00,hindcast
TE,00-0037744,Trey McBride,ARI,LA,2025_14_LA_ARI,2025,14,NA,NA,12,17,8.74911945002831,2.5043506134594846,-2.518795829382925,8.342967210330727,-4.4634800181439935,10.235133426052535,0.7055,0.435,0.7055,0.435,raw,raw,2025-12-07T21:25:00Z,2026-08-31 06:35:46,2025-12-03 20:15:00,hindcast
TE,00-0030506,Travis Kelce,KC,HOU,2025_14_HOU_KC,2025,14,NA,NA,12,17,8.380990738158125,1.7484205025708155,-3.1536319803649002,7.446284443285768,-5.051435292395693,9.292835843180354,0.619,0.344,0.619,0.344,raw,raw,2025-12-08T01:20:00Z,2026-08-31 06:35:46,2025-12-03 20:15:00,hindcast
TE,00-0039338,Brock Bowers,LV,DEN,2025_14_DEN_LV,2025,14,NA,NA,12,17,8.438557833453583,1.6056317472721942,-3.315506612620325,7.325680013933811,-5.220698919491081,9.179420862112657,0.6015,0.311,0.6015,0.311,raw,raw,2025-12-07T21:05:00Z,2026-08-31 06:35:46,2025-12-03 20:15:00,hindcast
TE,00-0040128,Tyler Warren,IND,JAX,2025_14_IND_JAX,2025,14,NA,NA,12,17,6.5835020523189804,1.7006194544727218,-2.573670821597245,6.668808701924931,-4.228439364109597,8.278888708270777,0.4305,0.2065,0.4305,0.2065,raw,raw,2025-12-07T18:00:00Z,2026-08-31 06:35:46,2025-12-03 20:15:00,hindcast
TE,00-0036970,Kyle Pitts,ATL,SEA,2025_14_SEA_ATL,2025,14,NA,NA,12,17,6.683336703198996,1.2521758480683014,-3.058789506119102,6.262994097526441,-4.727756608308764,7.886889218474741,0.4205,0.157,0.4205,0.157,raw,raw,2025-12-07T18:00:00Z,2026-08-31 06:35:46,2025-12-03 20:15:00,hindcast
TE,00-0040126,Colston Loveland,CHI,GB,2025_14_CHI_GB,2025,14,NA,NA,12,17,6.442619451955939,1.4320565579946267,-2.7900676851089345,6.339611008246251,-4.424640427906009,7.930040620897542,0.411,0.166,0.411,0.166,raw,raw,2025-12-07T21:25:00Z,2026-08-31 06:35:46,2025-12-03 20:15:00,hindcast
TE,00-0040663,Harold Fannin Jr.,CLE,TEN,2025_14_TEN_CLE,2025,14,NA,NA,12,17,6.60397656357361,0.9918361727495617,-3.2899950759356784,5.96879061316779,-4.947683065527601,7.581711224257828,0.388,0.1655,0.388,0.1655,raw,raw,2025-12-07T18:00:00Z,2026-08-31 06:35:46,2025-12-03 20:15:00,hindcast
TE,00-0035229,T.J. Hockenson,MIN,WAS,2025_14_WAS_MIN,2025,14,NA,NA,12,17,6.141064337810638,1.2666494936758175,-2.842128873619486,6.042457215216399,-4.432820368865103,7.590190633493069,0.3845,0.156,0.3845,0.156,raw,raw,2025-12-07T18:00:00Z,2026-08-31 06:35:46,2025-12-03 20:15:00,hindcast
TE,00-0034383,Dalton Schultz,HOU,KC,2025_14_HOU_KC,2025,14,NA,NA,12,17,6.63716287024192,0.5563006046758531,-3.737732066582661,5.547437277117849,-5.400143771445208,7.164954035232387,0.3835,0.156,0.3835,0.156,raw,raw,2025-12-08T01:20:00Z,2026-08-31 06:35:46,2025-12-03 20:15:00,hindcast
TE,00-0034351,Dallas Goedert,PHI,LAC,2025_14_PHI_LAC,2025,14,NA,NA,12,17,5.791608291707665,1.5457374884031365,-2.4286350509308683,6.165319603786195,-3.967292051166665,7.662423766125708,0.373,0.137,0.373,0.137,raw,raw,2025-12-09T01:15:00Z,2026-08-31 06:35:46,2025-12-03 20:15:00,hindcast
TE,00-0038933,Dalton Kincaid,BUF,CIN,2025_14_CIN_BUF,2025,14,Questionable,Limited Participation in Practice,12,17,6.361039701245996,0.5324294511022716,-3.659261870320994,5.404610423069773,-5.28205267080703,6.983576275525257,0.348,0.1305,0.348,0.1305,raw,raw,2025-12-07T18:00:00Z,2026-08-31 06:35:46,2025-12-03 20:15:00,hindcast
TE,00-0039793,AJ Barner,SEA,ATL,2025_14_SEA_ATL,2025,14,NA,Full Participation in Practice,12,17,5.8445332923088404,1.293918914925707,-2.7010302269857025,5.9374180900008735,-4.247653348485536,7.44227324122242,0.345,0.128,0.345,0.128,raw,raw,2025-12-07T18:00:00Z,2026-08-31 06:35:46,2025-12-03 20:15:00,hindcast
TE,00-0034753,Mark Andrews,BAL,PIT,2025_14_PIT_BAL,2025,14,NA,NA,12,17,5.788308856280991,1.1610696765655153,-2.812017395785653,5.7791576390414034,-4.350176734377471,7.27577757954426,0.343,0.1185,0.343,0.1185,raw,raw,2025-12-07T18:00:00Z,2026-08-31 06:35:46,2025-12-03 20:15:00,hindcast
TE,00-0036040,Juwan Johnson,NO,TB,2025_14_NO_TB,2025,14,NA,NA,12,17,6.114402159556614,0.6926495537901847,-3.405992702830998,5.456675643104221,-4.992760057224305,7.0005908955371074,0.342,0.122,0.342,0.122,raw,raw,2025-12-07T18:00:00Z,2026-08-31 06:35:46,2025-12-03 20:15:00,hindcast
TE,00-0038129,Cade Otton,TB,NO,2025_14_NO_TB,2025,14,NA,NA,12,17,5.972915990691495,1.0978558657265405,-2.9466748940839693,5.798985862530568,-4.512493272874972,7.322517885584746,0.3395,0.119,0.3395,0.119,raw,raw,2025-12-07T18:00:00Z,2026-08-31 06:35:46,2025-12-03 20:15:00,hindcast
TE,00-0040189,Oronde Gadsden II,LAC,PHI,2025_14_PHI_LAC,2025,14,NA,NA,12,17,5.807299870120832,0.9538858043671633,-3.0265958785744713,5.580568837007174,-4.567618000973401,7.079974249225202,0.315,0.1165,0.315,0.1165,raw,raw,2025-12-09T01:15:00Z,2026-08-31 06:35:46,2025-12-03 20:15:00,hindcast
TE,00-0040736,Mason Taylor,NYJ,MIA,2025_14_MIA_NYJ,2025,14,NA,NA,12,17,5.765231743941348,1.1153096336599744,-2.8487776753265868,5.72293678868252,-4.383452803828793,7.216166613372157,0.311,0.1055,0.311,0.1055,raw,raw,2025-12-07T18:00:00Z,2026-08-31 06:35:46,2025-12-03 20:15:00,hindcast
TE,00-0037838,Isaiah Likely,BAL,PIT,2025_14_PIT_BAL,2025,14,NA,NA,12,17,5.410626163566406,1.2951777797121518,-2.528602168314917,5.739719725955131,-4.0089580549774775,7.180097249553101,0.308,0.1015,0.308,0.1015,raw,raw,2025-12-07T18:00:00Z,2026-08-31 06:35:46,2025-12-03 20:15:00,hindcast
TE,00-0038935,Brenton Strange,JAX,IND,2025_14_IND_JAX,2025,14,NA,NA,12,17,5.311601470439106,1.0016347547791034,-2.782259498222999,5.399815862531629,-4.247173852102193,6.825168866045308,0.304,0.0995,0.304,0.0995,raw,raw,2025-12-07T18:00:00Z,2026-08-31 06:35:46,2025-12-03 20:15:00,hindcast
TE,00-0038041,Jake Ferguson,DAL,DET,2025_14_DAL_DET,2025,14,NA,NA,12,17,5.940871266961661,0.7143741838103038,-3.317824353956437,5.40116991480696,-4.878868379163743,6.920056520057473,0.3025,0.1035,0.3025,0.1035,raw,raw,2025-12-05T01:15:00Z,2026-08-31 06:35:46,2025-12-03 20:15:00,hindcast
TE,00-0034829,Mike Gesicki,CIN,BUF,2025_14_CIN_BUF,2025,14,NA,NA,12,17,5.457374462997038,0.9044468433076066,-2.938052897844397,5.370747600700713,-4.42565605195599,6.81817667266968,0.297,0.094,0.297,0.094,raw,raw,2025-12-07T18:00:00Z,2026-08-31 06:35:46,2025-12-03 20:15:00,hindcast
TE,00-0035689,Dawson Knox,BUF,CIN,2025_14_CIN_BUF,2025,14,NA,NA,12,17,5.268218860368627,1.0591827015380433,-2.7071364973045675,5.436935576891983,-4.1652467632819885,6.855668243113394,0.2665,0.094,0.2665,0.094,raw,raw,2025-12-07T18:00:00Z,2026-08-31 06:35:46,2025-12-03 20:15:00,hindcast
TE,00-0037252,Greg Dulcich,MIA,NYJ,2025_14_MIA_NYJ,2025,14,NA,NA,12,17,4.990837648092252,0.8133510901524506,-2.8390820290457652,5.058729334917658,-4.253101910455556,6.434562317684452,0.2495,0.0715,0.2495,0.0715,raw,raw,2025-12-07T18:00:00Z,2026-08-31 06:35:46,2025-12-03 20:15:00,hindcast
TE,00-0036894,Pat Freiermuth,PIT,BAL,2025_14_PIT_BAL,2025,14,NA,NA,12,17,4.736630605993765,1.1895030413679668,-2.3561306181485433,5.310743735112138,-3.728803661879099,6.646346489322681,0.2455,0.0695,0.2455,0.0695,raw,raw,2025-12-07T18:00:00Z,2026-08-31 06:35:46,2025-12-03 20:15:00,hindcast
TE,00-0031610,Darren Waller,MIA,NYJ,2025_14_MIA_NYJ,2025,14,NA,Full Participation in Practice,12,17,4.791143054397333,1.2727731110187894,-2.295967496387184,5.420871992352275,-3.6775862709903073,6.765178889801005,0.234,0.072,0.234,0.072,raw,raw,2025-12-07T18:00:00Z,2026-08-31 06:35:46,2025-12-03 20:15:00,hindcast
TE,00-0036290,Cole Kmet,CHI,GB,2025_14_CHI_GB,2025,14,NA,NA,12,17,4.560734686965557,0.870563681425651,-2.5997147245313537,4.904215761319852,-3.943214386238365,6.211432987339073,0.215,0.0575,0.215,0.0575,raw,raw,2025-12-07T21:25:00Z,2026-08-31 06:35:46,2025-12-03 20:15:00,hindcast
TE,00-0036244,Colby Parkinson,LA,ARI,2025_14_LA_ARI,2025,14,NA,NA,12,17,4.646102611139574,0.6098092059393454,-2.8971955224502643,4.686149851284908,-4.254913582796199,6.007201495098917,0.199,0.059,0.199,0.059,raw,raw,2025-12-07T21:25:00Z,2026-08-31 06:35:46,2025-12-03 20:15:00,hindcast
TE,00-0036637,Noah Gray,KC,HOU,2025_14_HOU_KC,2025,14,NA,Full Participation in Practice,12,17,4.243424693430948,0.944008138757955,-2.387077148685049,4.815870141222871,-3.6766889415356316,6.070654789512162,0.173,0.043,0.173,0.043,raw,raw,2025-12-08T01:20:00Z,2026-08-31 06:35:46,2025-12-03 20:15:00,hindcast
TE,00-0037805,Jeremy Ruckert,NYJ,MIA,2025_14_MIA_NYJ,2025,14,NA,NA,12,17,4.092213326101375,0.45019182978672795,-2.812982116404823,4.243117594047498,-4.076302397934362,5.472320757296978,0.1465,0.0285,0.1465,0.0285,raw,raw,2025-12-07T18:00:00Z,2026-08-31 06:35:46,2025-12-03 20:15:00,hindcast
TE,00-0039144,Luke Musgrave,GB,CHI,2025_14_CHI_GB,2025,14,NA,NA,12,17,4.091606369516797,0.42949015520295086,-2.8334090319935266,4.222096555406345,-4.096622942052608,5.451196219844103,0.141,0.0295,0.141,0.0295,raw,raw,2025-12-07T21:25:00Z,2026-08-31 06:35:46,2025-12-03 20:15:00,hindcast
WR,00-0036900,Ja'Marr Chase,CIN,BUF,2025_14_CIN_BUF,2025,14,NA,NA,15,20,10.031758107632498,1.8380812248984957,-4.70335115714872,8.36303323917248,-6.825811061684762,10.10200411779257,0.5325,0.3025,0.5325,0.29699248120300753,raw,iso,2025-12-07T18:00:00Z,2026-08-31 06:35:46,2025-12-03 20:15:00,hindcast
WR,00-0037247,George Pickens,DAL,DET,2025_14_DAL_DET,2025,14,NA,Full Participation in Practice,15,20,9.776973819485313,1.7571588923545878,-4.709301822654302,8.207328121867583,-6.807436113475862,9.92636857270261,0.5005,0.2755,0.5005,0.29699248120300753,raw,iso,2025-12-05T01:15:00Z,2026-08-31 06:35:46,2025-12-03 20:15:00,hindcast
WR,00-0035676,A.J. Brown,PHI,LAC,2025_14_PHI_LAC,2025,14,NA,NA,15,20,9.68596343907987,1.2952695252766941,-5.144149875065524,7.718465567527653,-7.233510230333843,9.430317369764246,0.4625,0.255,0.4625,0.25,raw,iso,2025-12-09T01:15:00Z,2026-08-31 06:35:46,2025-12-03 20:15:00,hindcast
WR,00-0031381,Davante Adams,LA,ARI,2025_14_LA_ARI,2025,14,NA,Full Participation in Practice,15,20,9.186106199962634,1.2450025316168223,-5.043334219947377,7.517496560013521,-7.08367368107904,9.189184631870388,0.4485,0.222,0.4485,0.25,raw,iso,2025-12-07T21:25:00Z,2026-08-31 06:35:46,2025-12-03 20:15:00,hindcast
WR,00-0038543,Jaxon Smith-Njigba,SEA,ATL,2025_14_SEA_ATL,2025,14,NA,Full Participation in Practice,15,20,8.633691512142025,1.7924666506064966,-4.323523791403838,7.893048575659824,-6.307943064057095,9.518920196952385,0.4435,0.2175,0.4435,0.25,raw,iso,2025-12-07T18:00:00Z,2026-08-31 06:35:46,2025-12-03 20:15:00,hindcast
WR,00-0039067,Rashee Rice,KC,HOU,2025_14_HOU_KC,2025,14,NA,Full Participation in Practice,15,20,9.069618788076516,1.530111319318143,-4.722369125208438,7.766839376416012,-6.751074502309676,9.428995426826871,0.4375,0.215,0.4375,0.25,raw,iso,2025-12-08T01:20:00Z,2026-08-31 06:35:46,2025-12-03 20:15:00,hindcast
WR,00-0036358,CeeDee Lamb,DAL,DET,2025_14_DAL_DET,2025,14,NA,NA,15,20,8.916397636419317,1.379240555880877,-4.82568721634087,7.568535744026207,-6.838963458900023,9.218050417516988,0.4255,0.231,0.4255,0.25,raw,iso,2025-12-05T01:15:00Z,2026-08-31 06:35:46,2025-12-03 20:15:00,hindcast
WR,00-0036322,Justin Jefferson,MIN,WAS,2025_14_WAS_MIN,2025,14,NA,NA,15,20,8.840976897658665,1.3320606032441553,-4.849294421479832,7.497842432650257,-6.854922153975492,9.141090539579842,0.4015,0.1935,0.4015,0.2222222222222222,raw,iso,2025-12-07T18:00:00Z,2026-08-31 06:35:46,2025-12-03 20:15:00,hindcast
WR,00-0039075,Puka Nacua,LA,ARI,2025_14_LA_ARI,2025,14,NA,NA,15,20,8.648778865913316,1.1511636879597975,-4.969613376220575,7.2565201758528595,-6.955585735879966,8.883664270217755,0.3845,0.181,0.3845,0.2222222222222222,raw,iso,2025-12-07T21:25:00Z,2026-08-31 06:35:46,2025-12-03 20:15:00,hindcast
WR,00-0040129,Emeka Egbuka,TB,NO,2025_14_NO_TB,2025,14,NA,NA,15,20,8.641350439491646,0.8654870358947268,-5.252933858059015,6.968493289654296,-7.238141725090154,8.595011020988911,0.3795,0.1795,0.3795,0.2222222222222222,raw,iso,2025-12-07T18:00:00Z,2026-08-31 06:35:46,2025-12-03 20:15:00,hindcast
WR,00-0036912,DeVonta Smith,PHI,LAC,2025_14_PHI_LAC,2025,14,NA,NA,15,20,8.550225088260762,1.1749728444887446,-4.914453193206034,7.24905729111174,-6.8902532705890955,8.867867045398015,0.3775,0.1745,0.3775,0.2222222222222222,raw,iso,2025-12-09T01:15:00Z,2026-08-31 06:35:46,2025-12-03 20:15:00,hindcast
WR,00-0036554,Nico Collins,HOU,KC,2025_14_HOU_KC,2025,14,NA,NA,15,20,8.134609740242084,1.53321801579101,-4.421751589042285,7.4731847766851995,-6.353925382304659,9.056250704920323,0.3745,0.164,0.3745,0.2222222222222222,raw,iso,2025-12-08T01:20:00Z,2026-08-31 06:35:46,2025-12-03 20:15:00,hindcast
WR,00-0039064,Zay Flowers,BAL,PIT,2025_14_PIT_BAL,2025,14,NA,NA,15,20,7.648512562608119,1.7966498530955368,-3.996157135571254,7.574862547418695,-5.875714983162054,9.114819252681748,0.338,0.142,0.338,0.2037037037037037,raw,iso,2025-12-07T18:00:00Z,2026-08-31 06:35:46,2025-12-03 20:15:00,hindcast
WR,00-0036613,Jaylen Waddle,MIA,NYJ,2025_14_MIA_NYJ,2025,14,NA,NA,15,20,7.457493584987412,1.4009189647507008,-4.326610208596253,7.114018303514678,-6.184987749248116,8.636621589338178,0.3285,0.1365,0.3285,0.2037037037037037,raw,iso,2025-12-07T18:00:00Z,2026-08-31 06:35:46,2025-12-03 20:15:00,hindcast
WR,00-0034348,Courtland Sutton,DEN,LV,2025_14_DEN_LV,2025,14,NA,NA,15,20,7.391383895951101,1.3779284990103697,-4.326794068255284,7.068278690248594,-6.177771684221086,8.58481908013444,0.325,0.127,0.325,0.2037037037037037,raw,iso,2025-12-07T21:05:00Z,2026-08-31 06:35:46,2025-12-03 20:15:00,hindcast
WR,00-0038994,Jordan Addison,MIN,WAS,2025_14_WAS_MIN,2025,14,NA,NA,15,20,7.535706468514316,1.2202264766609279,-4.534141048647319,6.9600965513221755,-6.401226670742935,8.489834530247286,0.3185,0.1315,0.3185,0.2037037037037037,raw,iso,2025-12-07T18:00:00Z,2026-08-31 06:35:46,2025-12-03 20:15:00,hindcast
WR,00-0037240,Jameson Williams,DET,DAL,2025_14_DAL_DET,2025,14,NA,NA,15,20,7.45634416189052,1.3802149405011925,-4.3469186586872315,7.092919701709102,-6.205167849729754,8.615417828310303,0.3165,0.1225,0.3165,0.2037037037037037,raw,iso,2025-12-05T01:15:00Z,2026-08-31 06:35:46,2025-12-03 20:15:00,hindcast
WR,00-0035659,Terry McLaurin,WAS,MIN,2025_14_WAS_MIN,2025,14,NA,NA,15,20,7.34719652147871,1.3165232788263372,-4.372892637659035,6.991605382586552,-6.218903795109873,8.504076660632435,0.3155,0.1285,0.3155,0.2037037037037037,raw,iso,2025-12-07T18:00:00Z,2026-08-31 06:35:46,2025-12-03 20:15:00,hindcast
WR,00-0035640,DK Metcalf,PIT,BAL,2025_14_PIT_BAL,2025,14,NA,Full Participation in Practice,15,20,7.763393962980874,0.8570099722199523,-4.974623399546087,6.67395123114705,-6.8667790141936065,8.224229521284547,0.3035,0.1165,0.3035,0.18181818181818182,raw,iso,2025-12-07T18:00:00Z,2026-08-31 06:35:46,2025-12-03 20:15:00,hindcast
WR,00-0034960,Jakobi Meyers,JAX,IND,2025_14_IND_JAX,2025,14,NA,NA,15,20,7.260106381307841,1.1952255998511414,-4.463872552767478,6.840066321776765,-6.300046684557243,8.34447794172485,0.298,0.1185,0.298,0.18181818181818182,raw,iso,2025-12-07T18:00:00Z,2026-08-31 06:35:46,2025-12-03 20:15:00,hindcast
WR,00-0036410,Tee Higgins,CIN,BUF,2025_14_CIN_BUF,2025,14,NA,Full Participation in Practice,15,20,6.875452544207509,1.3578293234727623,-4.1649013786950775,6.866646156663826,-5.956829169781248,8.334805926669016,0.2965,0.115,0.2965,0.13414634146341464,raw,iso,2025-12-07T18:00:00Z,2026-08-31 06:35:46,2025-12-03 20:15:00,hindcast
WR,00-0036963,Amon-Ra St. Brown,DET,DAL,2025_14_DAL_DET,2025,14,Questionable,Did Not Participate In Practice,15,20,7.456151562029247,0.7609324597987857,-4.966134852821805,6.473571101440056,-6.824362536253425,7.996051606455589,0.285,0.105,0.285,0.12682926829268293,raw,iso,2025-12-05T01:15:00Z,2026-08-31 06:35:46,2025-12-03 20:15:00,hindcast
WR,00-0038559,Michael Wilson,ARI,LA,2025_14_LA_ARI,2025,14,NA,NA,15,20,7.4463509807667005,0.9371825752118843,-4.786510449754601,6.646455430319028,-6.643643298013443,8.168038916513014,0.284,0.1125,0.284,0.13414634146341464,raw,iso,2025-12-07T21:25:00Z,2026-08-31 06:35:46,2025-12-03 20:15:00,hindcast
WR,00-0037239,Chris Olave,NO,TB,2025_14_NO_TB,2025,14,Questionable,Limited Participation in Practice,15,20,7.372577162286088,0.9758091438081764,-4.722404899924381,6.659667208971113,-6.571270733725372,8.174477376449108,0.2825,0.117,0.2825,0.18181818181818182,raw,iso,2025-12-07T18:00:00Z,2026-08-31 06:35:46,2025-12-03 20:15:00,hindcast
WR,00-0038124,Christian Watson,GB,CHI,2025_14_CHI_GB,2025,14,NA,NA,15,20,6.925667665794402,1.2038492647172248,-4.3369186447141415,6.730657862554367,-6.134698861839555,8.20361263407161,0.2815,0.1085,0.2815,0.13043478260869565,raw,iso,2025-12-07T21:25:00Z,2026-08-31 06:35:46,2025-12-03 20:15:00,hindcast
WR,00-0035719,Deebo Samuel Sr.,WAS,MIN,2025_14_WAS_MIN,2025,14,NA,NA,15,20,7.454125915950851,0.8536049059027314,-4.872765188399235,6.565548085784742,-6.730766649523635,8.08784324265612,0.273,0.1095,0.273,0.13414634146341464,raw,iso,2025-12-07T18:00:00Z,2026-08-31 06:35:46,2025-12-03 20:15:00,hindcast
WR,00-0039915,Ladd McConkey,LAC,PHI,2025_14_PHI_LAC,2025,14,NA,NA,15,20,7.43776220851364,0.594408077738657,-5.126325863105553,6.30072930378715,-6.982498594827699,7.821526148643965,0.268,0.09,0.268,0.1044776119402985,raw,iso,2025-12-09T01:15:00Z,2026-08-31 06:35:46,2025-12-03 20:15:00,hindcast
WR,00-0033921,Chris Godwin Jr.,TB,NO,2025_14_NO_TB,2025,14,NA,Limited Participation in Practice,15,20,6.865625782813239,1.0396734504304417,-4.479518993931657,6.544960940039212,-6.270298747419027,8.01218010148562,0.262,0.105,0.262,0.12682926829268293,raw,iso,2025-12-07T18:00:00Z,2026-08-31 06:35:46,2025-12-03 20:15:00,hindcast
WR,00-0038563,Tre Tucker,LV,DEN,2025_14_DEN_LV,2025,14,NA,NA,15,20,6.674953908896139,0.9759061551310083,-4.474071137344736,6.412152872269423,-6.242393059567453,7.860971914833618,0.258,0.092,0.258,0.12682926829268293,raw,iso,2025-12-07T21:05:00Z,2026-08-31 06:35:46,2025-12-03 20:15:00,hindcast
WR,00-0033908,Cooper Kupp,SEA,ATL,2025_14_SEA_ATL,2025,14,NA,Limited Participation in Practice,15,20,6.770012061175111,1.0403214990949141,-4.444297021255437,6.511122169617861,-6.223858777953786,7.9691502176345805,0.2515,0.0915,0.2515,0.12682926829268293,raw,iso,2025-12-07T18:00:00Z,2026-08-31 06:35:46,2025-12-03 20:15:00,hindcast
WR,00-0037664,Alec Pierce,IND,JAX,2025_14_IND_JAX,2025,14,NA,NA,15,20,6.424949755524259,1.0954954944599715,-4.262053983158352,6.439547257724975,-6.000386398551164,7.86379533952335,0.2495,0.085,0.2495,0.0984251968503937,raw,iso,2025-12-07T18:00:00Z,2026-08-31 06:35:46,2025-12-03 20:15:00,hindcast
WR,00-0030279,Keenan Allen,LAC,PHI,2025_14_PHI_LAC,2025,14,NA,NA,15,20,6.687970184914541,0.8774637092335652,-4.577273010970746,6.318457863283431,-6.347139196579896,7.768542149564215,0.2465,0.0855,0.2465,0.0984251968503937,raw,iso,2025-12-09T01:15:00Z,2026-08-31 06:35:46,2025-12-03 20:15:00,hindcast
WR,00-0038544,Quentin Johnston,LAC,PHI,2025_14_PHI_LAC,2025,14,NA,Full Participation in Practice,15,20,6.513135636697595,1.0562451668279031,-4.334130021140585,6.433039939935386,-6.083113200767751,7.866014390980599,0.239,0.083,0.239,0.0984251968503937,raw,iso,2025-12-09T01:15:00Z,2026-08-31 06:35:46,2025-12-03 20:15:00,hindcast
WR,00-0039893,Brian Thomas Jr.,JAX,IND,2025_14_IND_JAX,2025,14,NA,NA,15,20,6.535190459232667,1.2237388083578893,-4.1748075116464305,6.608684127297264,-5.9264419301931195,8.043830787703634,0.239,0.0835,0.239,0.0984251968503937,raw,iso,2025-12-07T18:00:00Z,2026-08-31 06:35:46,2025-12-03 20:15:00,hindcast
WR,00-0034827,DJ Moore,CHI,GB,2025_14_CHI_GB,2025,14,NA,NA,15,20,6.634177820152,0.8764386217105068,-4.5585955633613215,6.297779878842593,-6.322068983839828,7.742626453743159,0.2375,0.089,0.2375,0.1044776119402985,raw,iso,2025-12-07T21:25:00Z,2026-08-31 06:35:46,2025-12-03 20:15:00,hindcast
WR,00-0039146,Jayden Reed,GB,CHI,2025_14_CHI_GB,2025,14,Questionable,Limited Participation in Practice,15,20,6.477690103299276,1.2986334277207334,-4.078577420885546,6.6622970274672,-5.823289245122312,8.091771877591674,0.2365,0.083,0.2365,0.0984251968503937,raw,iso,2025-12-07T21:25:00Z,2026-08-31 06:35:46,2025-12-03 20:15:00,hindcast
WR,00-0036252,Michael Pittman,IND,JAX,2025_14_IND_JAX,2025,14,NA,NA,15,20,7.201562383908419,0.28114010998359457,-5.357464779687122,5.905539199321537,-7.186989583565249,7.404502901230736,0.2335,0.0915,0.2335,0.12682926829268293,raw,iso,2025-12-07T18:00:00Z,2026-08-31 06:35:46,2025-12-03 20:15:00,hindcast
WR,00-0039894,Xavier Worthy,KC,HOU,2025_14_HOU_KC,2025,14,NA,NA,15,20,6.557350465167648,1.0160742404670733,-4.390666866843307,6.409193700911905,-6.144960199595247,7.846518859183794,0.223,0.069,0.223,0.0847457627118644,raw,iso,2025-12-08T01:20:00Z,2026-08-31 06:35:46,2025-12-03 20:15:00,hindcast
WR,00-0036407,Jerry Jeudy,CLE,TEN,2025_14_TEN_CLE,2025,14,NA,NA,15,20,6.58741498114458,0.8370287894103319,-4.580805801888512,6.241213785118433,-6.338698571826678,7.681488029228359,0.2225,0.0825,0.2225,0.0984251968503937,raw,iso,2025-12-07T18:00:00Z,2026-08-31 06:35:46,2025-12-03 20:15:00,hindcast
WR,00-0037261,Khalil Shakir,BUF,CIN,2025_14_CIN_BUF,2025,14,NA,NA,15,20,6.982518591600586,0.37815926738074873,-5.182942519447181,5.925250513807341,-6.987320349596373,7.403610832393922,0.2185,0.071,0.2185,0.0984251968503937,raw,iso,2025-12-07T18:00:00Z,2026-08-31 06:35:46,2025-12-03 20:15:00,hindcast
WR,00-0036309,Darnell Mooney,ATL,SEA,2025_14_SEA_ATL,2025,14,NA,NA,15,20,6.558563767799358,0.9423060327472361,-4.464883313152944,6.335872602497579,-6.219322083230985,7.773316920275951,0.215,0.0705,0.215,0.0984251968503937,raw,iso,2025-12-07T18:00:00Z,2026-08-31 06:35:46,2025-12-03 20:15:00,hindcast
WR,00-0039901,Keon Coleman,BUF,CIN,2025_14_CIN_BUF,2025,14,NA,NA,15,20,6.017998199138128,0.8984543846351146,-4.304293830890201,6.088094889338762,-5.992398795661388,7.471190686586712,0.213,0.073,0.213,0.0984251968503937,raw,iso,2025-12-07T18:00:00Z,2026-08-31 06:35:46,2025-12-03 20:15:00,hindcast
WR,00-0039868,Troy Franklin,DEN,LV,2025_14_DEN_LV,2025,14,NA,NA,15,20,6.442361833933721,0.6727986430513954,-4.69125179771216,6.023334991051329,-6.431693542195416,7.449311285408099,0.206,0.062,0.206,0.0847457627118644,raw,iso,2025-12-07T21:05:00Z,2026-08-31 06:35:46,2025-12-03 20:15:00,hindcast
WR,00-0040130,Jayden Higgins,HOU,KC,2025_14_HOU_KC,2025,14,NA,NA,15,20,5.935999666987032,0.81616057588600055,-4.354702859085524,5.973996629981837,-6.032462357552406,7.348616194255736,0.191,0.065,0.191,0.0847457627118644,raw,iso,2025-12-08T01:20:00Z,2026-08-31 06:35:46,2025-12-03 20:15:00,hindcast
WR,00-0039890,Adonai Mitchell,NYJ,MIA,2025_14_MIA_NYJ,2025,14,NA,NA,15,20,6.170645978509854,0.5210673907958964,-4.740404768695094,5.769283891410859,-6.447563544500915,7.16799083045006,0.189,0.0615,0.189,0.08433734939759036,raw,iso,2025-12-07T18:00:00Z,2026-08-31 06:35:46,2025-12-03 20:15:00,hindcast
WR,00-0036040,Juwan Johnson,NO,TB,2025_14_NO_TB,2025,14,NA,NA,15,20,5.902462083014393,0.8569122815640158,-4.300840188583909,6.001670402366589,-5.974345649781487,7.372804554778488,0.1875,0.0615,0.1875,0.08433734939759036,raw,iso,2025-12-07T18:00:00Z,2026-08-31 06:35:46,2025-12-03 20:15:00,hindcast
WR,00-0040170,Elic Ayomanor,TEN,CLE,2025_14_TEN_CLE,2025,14,NA,NA,15,20,6.194771007706204,0.5449207717123067,-4.725758675658108,5.8023213635302495,-6.435904885746249,7.2034759630447525,0.1855,0.064,0.1855,0.0847457627118644,raw,iso,2025-12-07T18:00:00Z,2026-08-31 06:35:46,2025-12-03 20:15:00,hindcast
WR,00-0037545,Rashid Shaheed,SEA,ATL,2025_14_SEA_ATL,2025,14,NA,NA,15,20,6.2443823439068815,0.3249762549515339,-4.964575302434705,5.601201410728787,-6.680844834523774,7.0073729618555545,0.181,0.0615,0.181,0.08433734939759036,raw,iso,2025-12-07T18:00:00Z,2026-08-31 06:35:46,2025-12-03 20:15:00,hindcast
WR,00-0039424,Devaughn Vele,NO,TB,2025_14_NO_TB,2025,14,NA,NA,15,20,5.736207431568356,1.0734150602535226,-4.018727627010658,6.152728694286152,-5.6709450697157955,7.506421177179225,0.1755,0.0535,0.1755,0.0660377358490566,raw,iso,2025-12-07T18:00:00Z,2026-08-31 06:35:46,2025-12-03 20:15:00,hindcast
WR,00-0038619,Andrei Iosivas,CIN,BUF,2025_14_CIN_BUF,2025,14,NA,NA,15,20,5.644367202291422,1.0569288281886544,-3.99851991670917,6.099640965917186,-5.6388314927992695,7.443578750837384,0.1745,0.049,0.1745,0.0660377358490566,raw,iso,2025-12-07T18:00:00Z,2026-08-31 06:35:46,2025-12-03 20:15:00,hindcast
WR,00-0034775,Christian Kirk,HOU,KC,2025_14_HOU_KC,2025,14,NA,NA,15,20,5.861315254120081,0.26439896024190535,-4.877211542990754,5.393055781912016,-6.5454795155838426,6.759898762490308,0.1645,0.0525,0.1645,0.0660377358490566,raw,iso,2025-12-08T01:20:00Z,2026-08-31 06:35:46,2025-12-03 20:15:00,hindcast
WR,00-0036550,Rashod Bateman,BAL,PIT,2025_14_PIT_BAL,2025,14,NA,Full Participation in Practice,15,20,5.285148269438814,1.1757611160989923,-3.732904165348879,6.072059594010689,-5.325589778557137,7.3769765416746615,0.161,0.0435,0.161,0.0660377358490566,raw,iso,2025-12-07T18:00:00Z,2026-08-31 06:35:46,2025-12-03 20:15:00,hindcast
WR,00-0037614,John Metchie III,NYJ,MIA,2025_14_MIA_NYJ,2025,14,NA,NA,15,20,5.714780452302416,0.6080463587257168,-4.475564540068352,5.678849699123544,-6.125013723792247,7.03027409594226,0.1515,0.0365,0.1515,0.049586776859504134,raw,iso,2025-12-07T18:00:00Z,2026-08-31 06:35:46,2025-12-03 20:15:00,hindcast
WR,00-0040134,Pat Bryant,DEN,LV,2025_14_DEN_LV,2025,14,NA,Limited Participation in Practice,15,20,5.510008351740301,0.723430205633115,-4.27773791814513,5.711998475868301,-5.9004373819040214,7.041506329561292,0.1505,0.0365,0.1505,0.049586776859504134,raw,iso,2025-12-07T21:05:00Z,2026-08-31 06:35:46,2025-12-03 20:15:00,hindcast
WR,00-0038997,Josh Downs,IND,JAX,2025_14_IND_JAX,2025,14,NA,Full Participation in Practice,15,20,5.989247508539178,0.21275636478162172,-4.97883972279905,5.391272838012352,-6.663326222526139,6.771403959544383,0.15,0.049,0.15,0.0660377358490566,raw,iso,2025-12-07T18:00:00Z,2026-08-31 06:35:46,2025-12-03 20:15:00,hindcast
WR,00-0040735,Luther Burden III,CHI,GB,2025_14_CHI_GB,2025,14,NA,NA,15,20,5.352102256636196,0.6985248001560957,-4.23790734045583,5.622520181903379,-5.8396023023523576,6.93481865652612,0.149,0.046,0.149,0.0660377358490566,raw,iso,2025-12-07T21:25:00Z,2026-08-31 06:35:46,2025-12-03 20:15:00,hindcast
WR,00-0036415,Van Jefferson,TEN,CLE,2025_14_TEN_CLE,2025,14,NA,NA,15,20,5.503138115745501,0.6769276139803833,-4.321445421987668,5.662707838299624,-5.943237980124011,6.991472647347156,0.1455,0.04,0.1455,0.049586776859504134,raw,iso,2025-12-07T18:00:00Z,2026-08-31 06:35:46,2025-12-03 20:15:00,hindcast
WR,00-0040705,Chimere Dike,TEN,CLE,2025_14_TEN_CLE,2025,14,NA,Full Participation in Practice,15,20,5.66111128684677,0.5794880818580144,-4.482675041666779,5.628897682128064,-6.125165192507376,6.974620413863942,0.1455,0.046,0.1455,0.0660377358490566,raw,iso,2025-12-07T18:00:00Z,2026-08-31 06:35:46,2025-12-03 20:15:00,hindcast
WR,00-0039880,Malik Washington,MIA,NYJ,2025_14_MIA_NYJ,2025,14,NA,NA,15,20,5.586273544088337,0.5343525981758729,-4.497714955488654,5.55374245082621,-6.130440174644275,6.891464592399892,0.1395,0.039,0.1395,0.049586776859504134,raw,iso,2025-12-07T18:00:00Z,2026-08-31 06:35:46,2025-12-03 20:15:00,hindcast
WR,00-0032211,Tyler Lockett,LV,DEN,2025_14_DEN_LV,2025,14,NA,NA,15,20,5.144775879884249,0.7353619900676535,-4.114451630003117,5.572957076425572,-5.688041992463077,6.862228929970089,0.1275,0.032,0.1275,0.03333333333333333,raw,iso,2025-12-07T21:05:00Z,2026-08-31 06:35:46,2025-12-03 20:15:00,hindcast
WR,00-0031610,Darren Waller,MIA,NYJ,2025_14_MIA_NYJ,2025,14,NA,Full Participation in Practice,15,20,5.051128296119396,0.7465362737330087,-4.0635209501082015,5.5444751254151265,-5.6242117896475134,6.823178159893068,0.1245,0.0305,0.1245,0.03333333333333333,raw,iso,2025-12-07T18:00:00Z,2026-08-31 06:35:46,2025-12-03 20:15:00,hindcast
WR,00-0035208,Olamide Zaccheaus,CHI,GB,2025_14_CHI_GB,2025,14,NA,NA,15,20,4.896115717426642,0.7438613047423864,-3.999483693355542,5.47525600426985,-5.538528811283317,6.736224296410031,0.121,0.0325,0.121,0.03333333333333333,raw,iso,2025-12-07T21:25:00Z,2026-08-31 06:35:46,2025-12-03 20:15:00,hindcast
WR,00-0038979,Cedric Tillman,CLE,TEN,2025_14_TEN_CLE,2025,14,NA,NA,15,20,5.177508589387814,0.3398195884838175,-4.52379580729255,5.191181678600415,-6.101864350345941,6.484122588801567,0.114,0.028,0.114,0.03333333333333333,raw,iso,2025-12-07T18:00:00Z,2026-08-31 06:35:46,2025-12-03 20:15:00,hindcast
WR,00-0035406,Lil'Jordan Humphrey,DEN,LV,2025_14_DEN_LV,2025,14,NA,NA,15,20,5.102705060656542,0.03561143361937028,-4.796391619135327,4.855440824286032,-6.364203092080331,6.139977926160661,0.1095,0.0275,0.1095,0.03333333333333333,raw,iso,2025-12-07T21:05:00Z,2026-08-31 06:35:46,2025-12-03 20:15:00,hindcast
WR,00-0033375,Tim Patrick,JAX,IND,2025_14_IND_JAX,2025,14,NA,NA,15,20,4.628325484680218,0.805564870213965,-3.8197268057016456,5.4192036689880565,-5.320467859886913,6.648788729228933,0.106,0.0295,0.106,0.03333333333333333,raw,iso,2025-12-07T18:00:00Z,2026-08-31 06:35:46,2025-12-03 20:15:00,hindcast
WR,00-0035359,David Sills,ATL,SEA,2025_14_SEA_ATL,2025,14,NA,NA,15,20,4.953844690506117,0.44229206814384897,-4.326031935744692,5.198602841801397,-5.873181844053128,6.466211539453675,0.1045,0.027,0.1045,0.03333333333333333,raw,iso,2025-12-07T18:00:00Z,2026-08-31 06:35:46,2025-12-03 20:15:00,hindcast
WR,00-0037291,Jalen Nailor,MIN,WAS,2025_14_WAS_MIN,2025,14,NA,NA,15,20,4.918456428524657,0.44197096308086414,-4.311059917929546,5.183027143080598,-5.853247757041477,6.446570325143169,0.1035,0.0305,0.1035,0.03333333333333333,raw,iso,2025-12-07T18:00:00Z,2026-08-31 06:35:46,2025-12-03 20:15:00,hindcast
WR,00-0038953,Dylan Drummond,ATL,SEA,2025_14_SEA_ATL,2025,14,NA,NA,15,20,4.7147417217602845,0.1808653869785295,-4.482924776151709,4.832905680566967,-5.996157206953907,6.072725158016054,0.099,0.027,0.099,0.03333333333333333,raw,iso,2025-12-07T18:00:00Z,2026-08-31 06:35:46,2025-12-03 20:15:00,hindcast
WR,00-0040259,Gage Larvadain,CLE,TEN,2025_14_TEN_CLE,2025,14,NA,NA,15,20,4.5590441716170815,0.4461647399382096,-4.147974592970343,5.028729680361167,-5.638607830533322,6.250033218432872,0.099,0.023,0.099,0.03333333333333333,raw,iso,2025-12-07T18:00:00Z,2026-08-31 06:35:46,2025-12-03 20:15:00,hindcast
WR,00-0038104,Tyquan Thornton,KC,HOU,2025_14_HOU_KC,2025,14,NA,NA,15,20,4.580913858965694,0.49566022480624045,-4.108340862193979,5.088062073793949,-5.602173884823209,6.311987255288062,0.0985,0.0215,0.0985,0.03333333333333333,raw,iso,2025-12-08T01:20:00Z,2026-08-31 06:35:46,2025-12-03 20:15:00,hindcast
WR,00-0039410,Ryan Flournoy,DAL,DET,2025_14_DAL_DET,2025,14,NA,NA,15,20,4.620085500869749,0.465841009993035,-4.155759103613661,5.075797546914283,-5.655302378394029,6.304401244209418,0.0975,0.023,0.0975,0.03333333333333333,raw,iso,2025-12-05T01:15:00Z,2026-08-31 06:35:46,2025-12-03 20:15:00,hindcast
WR,00-0037741,Jahan Dotson,PHI,LAC,2025_14_PHI_LAC,2025,14,NA,Full Participation in Practice,15,20,4.714086121240996,0.3014942945810395,-4.362005270865099,4.953244722611988,-5.875143413154198,6.192986947728476,0.0955,0.02,0.0955,0.01680672268907563,raw,iso,2025-12-09T01:15:00Z,2026-08-31 06:35:46,2025-12-03 20:15:00,hindcast
WR,00-0040669,Isaac TeSlaa,DET,DAL,2025_14_DAL_DET,2025,14,NA,NA,15,20,4.743791318059154,0.4511598196313412,-4.2254843814825875,5.1160217669700225,-5.742887486020809,6.359258354987684,0.095,0.023,0.095,0.03333333333333333,raw,iso,2025-12-05T01:15:00Z,2026-08-31 06:35:46,2025-12-03 20:15:00,hindcast
WR,00-0038640,Jalen Brooks,ARI,LA,2025_14_LA_ARI,2025,14,NA,NA,15,20,4.680856919541011,0.3788672229485595,-4.269874036827976,5.015896527121309,-5.778223638899402,6.251715412168175,0.087,0.024,0.087,0.03333333333333333,raw,iso,2025-12-07T21:25:00Z,2026-08-31 06:35:46,2025-12-03 20:15:00,hindcast
WR,00-0039451,Isaiah Williams,NYJ,MIA,2025_14_MIA_NYJ,2025,14,NA,NA,15,20,4.631984371619135,0.08062914950894451,-4.546300566787859,4.695901861814583,-6.047573106254643,5.925922377832503,0.0845,0.021,0.0845,0.01680672268907563,raw,iso,2025-12-07T18:00:00Z,2026-08-31 06:35:46,2025-12-03 20:15:00,hindcast
WR,00-0040729,Jack Bech,LV,DEN,2025_14_DEN_LV,2025,14,NA,NA,15,20,4.589611376463497,0.10924883853574062,-4.49866701905466,4.7055555953106065,-5.993770244160632,5.930521477320326,0.083,0.0235,0.083,0.03333333333333333,raw,iso,2025-12-07T21:05:00Z,2026-08-31 06:35:46,2025-12-03 20:15:00,hindcast
WR,00-0035876,Andre Baccellia,ARI,LA,2025_14_LA_ARI,2025,14,NA,NA,15,20,4.4788387945016215,0.2575383659741899,-4.300208491861176,4.803802517874911,-5.779033678120032,6.015431499877389,0.082,0.017,0.082,0,raw,iso,2025-12-07T21:25:00Z,2026-08-31 06:35:46,2025-12-03 20:15:00,hindcast
