nfl_name,dm_name,pos,school,draft_round,draft_pick,draft_team,model_verdict,pred,p_boom,p_bust,games,cum_fp_ppr,fp_pg,cum_opps,opps_pg,snap_share_avg,fp_per_opp,last_week_active,latest_fp_ppr,latest_opportunities,latest_snap_share,model_p_start_latest,model_p_boom_latest,tracker_status,gsis_id,pfr_id,gsis_provisional
Fernando Mendoza,Fernando Mendoza,QB,Indiana,1,1,LVR,Baseline,0.0568089634180069,0.16067793724077054,0.1332553678687046,0,NA,NA,NA,NA,NA,NA,NA,NA,NA,NA,NA,NA,no_nfl_data_yet,00-0041562,MendFe00,FALSE
Ty Simpson,Ty Simpson,QB,Alabama,1,13,LAR,Baseline,0.3002490699291229,0.23095013722046392,0.08579887480714048,0,NA,NA,NA,NA,NA,NA,NA,NA,NA,NA,NA,NA,no_nfl_data_yet,00-0041568,SimpTy00,FALSE
Carson Beck,Carson Beck,QB,Miami,3,65,ARI,Baseline,-0.07119312137365341,0.13002828567663377,0.1643955279998606,0,NA,NA,NA,NA,NA,NA,NA,NA,NA,NA,NA,NA,no_nfl_data_yet,00-0041561,BeckCa01,FALSE
Drew Allar,Drew Allar,QB,Penn State,3,76,PIT,Baseline,-0.02385461516678333,0.14085509034465157,0.15236949194252972,0,NA,NA,NA,NA,NA,NA,NA,NA,NA,NA,NA,NA,no_nfl_data_yet,00-0041565,AllaDr00,FALSE
Cade Klubnik,Cade Klubnik,QB,Clemson,4,110,NYJ,Baseline,-0.01800626702606678,0.14223393010112373,0.15092534697485965,0,NA,NA,NA,NA,NA,NA,NA,NA,NA,NA,NA,NA,no_nfl_data_yet,00-0041056,KlubCa00,FALSE
Cole Payton,Cole Payton,QB,North Dakota State,5,178,PHI,Baseline,0.03638151288032532,0.1554935529402649,0.1379322771146366,0,NA,NA,NA,NA,NA,NA,NA,NA,NA,NA,NA,NA,no_nfl_data_yet,00-0040891,PaytCo00,FALSE
Taylen Green,Taylen Green,QB,Arkansas,6,182,CLE,Baseline,-0.21280013024806976,0.1011291926830256,0.2039299518839047,0,NA,NA,NA,NA,NA,NA,NA,NA,NA,NA,NA,NA,no_nfl_data_yet,00-0041092,GreeTa00,FALSE
Athan Kaliakmanis,Athan Kaliakmanis,QB,Rutgers,7,223,WAS,Baseline,-0.09553033113479614,0.12469224552432392,0.1708114230179886,0,NA,NA,NA,NA,NA,NA,NA,NA,NA,NA,NA,NA,no_nfl_data_yet,00-0041117,KaliAt00,FALSE
Behren Morton,Behren Morton,QB,Texas Tech,7,234,NWE,Baseline,-0.02854901738464832,0.13975489332919755,0.15353530510589802,0,NA,NA,NA,NA,NA,NA,NA,NA,NA,NA,NA,NA,no_nfl_data_yet,00-0041123,MortBe00,FALSE
Garrett Nussmeier,Garrett Nussmeier,QB,LSU,7,249,KAN,Baseline,-0.14899052679538727,0.11351324924288655,0.18545895035033752,0,NA,NA,NA,NA,NA,NA,NA,NA,NA,NA,NA,NA,no_nfl_data_yet,00-0040906,NussGa00,FALSE
Haynes King,Haynes King,QB,Georgia Tech,NA,NA,CAR,Baseline,-0.09560594707727432,0.12467590847308382,0.1708316037349267,0,NA,NA,NA,NA,NA,NA,NA,NA,NA,NA,NA,NA,no_nfl_data_yet,00-0041149,KingHa00,FALSE
Jalon Daniels,Jalon Daniels,QB,Kansas,NA,NA,TB,Baseline,-0.07112161070108414,0.13004419411439275,0.1643769092019061,0,NA,NA,NA,NA,NA,NA,NA,NA,NA,NA,NA,NA,no_nfl_data_yet,00-0041251,DaniJa03,FALSE
Joe Fagnano,Joe Fagnano,QB,Connecticut,NA,NA,BAL,Baseline,-0.03215101733803749,0.13891468687700895,0.1544338247028949,0,NA,NA,NA,NA,NA,NA,NA,NA,NA,NA,NA,NA,no_nfl_data_yet,00-0040981,FagnJo00,FALSE
Joey Aguilar,Jose Aguilar,QB,Tennessee,NA,NA,JAX,Baseline,-0.01801751740276813,0.1422312689104482,0.15092811627934438,0,NA,NA,NA,NA,NA,NA,NA,NA,NA,NA,NA,NA,no_nfl_data_yet,00-0041203,AguiJo00,FALSE
Luke Altmyer,Luke Altmyer,QB,Illinois,NA,NA,DET,Baseline,-0.02144350484013557,0.1414224448444227,0.15177300390487078,0,NA,NA,NA,NA,NA,NA,NA,NA,NA,NA,NA,NA,no_nfl_data_yet,00-0041453,AltmLu00,FALSE
Jeremiyah Love,Jeremiyah Love,RB,Notre Dame,1,3,ARI,Baseline,0.00491432193666696,0.15984752380021683,0.15746927972118868,0,NA,NA,NA,NA,NA,NA,NA,NA,NA,NA,NA,NA,no_nfl_data_yet,00-0041027,LoveJe00,FALSE
Jadarian Price,Jadarian Price,RB,Notre Dame,1,32,SEA,Baseline,0.00180078647099435,0.1590916098549978,0.15822013464081808,0,NA,NA,NA,NA,NA,NA,NA,NA,NA,NA,NA,NA,no_nfl_data_yet,00-0041512,PricJa02,FALSE
Kaelon Black,Kaelon Black,RB,Indiana,3,90,SFO,Baseline,2.5472301058471203e-4,0.1587171232750585,0.15859385225221287,0,NA,NA,NA,NA,NA,NA,NA,NA,NA,NA,NA,NA,no_nfl_data_yet,00-0041052,BlacKa00,FALSE
Jonah Coleman,Jonah Coleman,RB,Washington,4,108,DEN,Baseline,0.00775065692141652,0.16053817981322197,0.15678731567197207,0,NA,NA,NA,NA,NA,NA,NA,NA,NA,NA,NA,NA,no_nfl_data_yet,00-0041496,ColeJo00,FALSE
Mike Washington Jr.,Mike Washington Jr.,RB,Arkansas,4,122,LVR,Baseline,0.00168580701574683,0.15906373969163376,0.1582479078016358,0,NA,NA,NA,NA,NA,NA,NA,NA,NA,NA,NA,NA,no_nfl_data_yet,00-0040878,WashMi00,FALSE
Max Bredeson,Max Bredeson,RB,Michigan,5,159,MIN,Baseline,-0.02386840619146824,0.15294894319320243,0.16449985420720198,0,NA,NA,NA,NA,NA,NA,NA,NA,NA,NA,NA,NA,no_nfl_data_yet,00-0041081,BredMa00,FALSE
Emmett Johnson,Emmett Johnson,RB,Nebraska,5,161,KAN,Baseline,0.00566233787685632,0.1600294789253638,0.15728923892837027,0,NA,NA,NA,NA,NA,NA,NA,NA,NA,NA,NA,NA,no_nfl_data_yet,00-0041013,JohnEm01,FALSE
Nicholas Singleton,Nicholas Singleton,RB,Penn State,5,165,TEN,Baseline,0.0012857464607805,0.15896679292211388,0.15834456691678878,0,NA,NA,NA,NA,NA,NA,NA,NA,NA,NA,NA,NA,no_nfl_data_yet,00-0040886,SingNi01,FALSE
Adam Randall,Adam Randall,RB,Clemson,5,174,BAL,Baseline,-0.01920145563781261,0.15405389377480755,0.16334627401768895,0,NA,NA,NA,NA,NA,NA,NA,NA,NA,NA,NA,NA,no_nfl_data_yet,00-0040888,RandAd00,FALSE
Kaytron Allen,Kaytron Allen,RB,Penn State,6,187,WAS,Baseline,0.00258613401092588,0.1592820577924559,0.15803052035180584,0,NA,NA,NA,NA,NA,NA,NA,NA,NA,NA,NA,NA,no_nfl_data_yet,00-0041096,AlleKa01,FALSE
Demond Claiborne,Demond Claiborne,RB,Wake Forest,6,198,MIN,Baseline,0.00613382784649729,0.16014423857905427,0.15717582504297634,0,NA,NA,NA,NA,NA,NA,NA,NA,NA,NA,NA,NA,no_nfl_data_yet,00-0041104,ClaiDe00,FALSE
Seth McGowan,Seth McGowan,RB,Kentucky,7,237,IND,Baseline,-0.00150014832615852,0.15829276020658573,0.15901874416131803,0,NA,NA,NA,NA,NA,NA,NA,NA,NA,NA,NA,NA,no_nfl_data_yet,00-0041125,McGoSe01,FALSE
Jam Miller,Jam Miller,RB,Alabama,7,245,NWE,Baseline,2.536367392167449e-4,0.1587168603623786,0.1585941150312728,0,NA,NA,NA,NA,NA,NA,NA,NA,NA,NA,NA,NA,id_pending,NA,MillJa03,FALSE
Cash Jones,Cash Jones,RB,Georgia,NA,NA,ATL,Baseline,0.00359722063876688,0.1595274675417122,0.15778662337329036,0,NA,NA,NA,NA,NA,NA,NA,NA,NA,NA,NA,NA,no_nfl_data_yet,00-0041191,JoneCa06,FALSE
Chip Trayanum,Chip Trayanum,RB,Toledo,NA,NA,NYJ,Baseline,0.00312573090195655,0.15941299733094108,0.15790032658895276,0,NA,NA,NA,NA,NA,NA,NA,NA,NA,NA,NA,NA,no_nfl_data_yet,00-0041239,TrayCh00,FALSE
CJ Donaldson,CJ Donaldson,RB,Ohio State,NA,NA,NO,Baseline,-0.00250618136487901,0.1580498172932202,0.15926266233448833,0,NA,NA,NA,NA,NA,NA,NA,NA,NA,NA,NA,NA,no_nfl_data_yet,00-0041326,DonaCJ00,FALSE
Dean Connors,Dean Connors,RB,Houston,NA,NA,LA,Baseline,0.00119397486560046,0.15894455935040877,0.15836674542383553,0,NA,NA,NA,NA,NA,NA,NA,NA,NA,NA,NA,NA,no_nfl_data_yet,00-0041415,ConnDe00,FALSE
Eli Heidenreich,Eli Heidenreich,RB,Navy,NA,NA,PIT,Baseline,0.02516767382621765,0.16482194546601,0.15264226500947273,0,NA,NA,NA,NA,NA,NA,NA,NA,NA,NA,NA,NA,no_nfl_data_yet,00-0041490,HeidEl00,FALSE
Jaydn Ott,Jaydn Ott,RB,Oklahoma,NA,NA,KC,Baseline,7.224853034131229e-4,0.1588303633584026,0.15848072277376038,0,NA,NA,NA,NA,NA,NA,NA,NA,NA,NA,NA,NA,no_nfl_data_yet,00-0040959,OttxJa01,FALSE
J'Mari Taylor,J'Mari Taylor,RB,Virginia,NA,NA,JAX,Baseline,2.573641831986606e-4,0.15871776252514322,0.15859321332939563,0,NA,NA,NA,NA,NA,NA,NA,NA,NA,NA,NA,NA,no_nfl_data_yet,00-0041217,TaylJM00,FALSE
Kentrel Bullock,Kentrel Bullock,RB,South Alabama,NA,NA,CIN,Baseline,0.00223908619955182,0.15919787978294564,0.15811429316301603,0,NA,NA,NA,NA,NA,NA,NA,NA,NA,NA,NA,NA,no_nfl_data_yet,00-0041241,BullKe01,FALSE
Noah Whittington,Noah Whittington,RB,Oregon,NA,NA,HOU,Baseline,-0.00619133794680237,0.15716199503812325,0.16015824009547275,0,NA,NA,NA,NA,NA,NA,NA,NA,NA,NA,NA,NA,no_nfl_data_yet,00-0041312,WhitNo00,FALSE
Robert Henry Jr.,Robert Henry Jr.,RB,Texas-San Antonio,NA,NA,WAS,Baseline,0.00546339293941855,0.1599810722880341,0.1573371099923325,0,NA,NA,NA,NA,NA,NA,NA,NA,NA,NA,NA,NA,no_nfl_data_yet,00-0041178,HenrRo00,FALSE
Roman Hemby,Roman Hemby,RB,Indiana,NA,NA,LV,Baseline,0.00366011657752096,0.15954274174185587,0.1577714596216956,0,NA,NA,NA,NA,NA,NA,NA,NA,NA,NA,NA,NA,no_nfl_data_yet,00-0040998,HembRo00,FALSE
Kenyon Sadiq,Kenyon Sadiq,TE,Oregon,1,16,NYJ,Baseline,-0.08012136816978455,0.13787621746665008,0.17664783364643674,0,NA,NA,NA,NA,NA,NA,NA,NA,NA,NA,NA,NA,no_nfl_data_yet,00-0041032,SadiKe00,FALSE
Eli Stowers,Eli Stowers,TE,Vanderbilt,2,54,PHI,Baseline,-0.2156289517879486,0.10997773537028648,0.21433196508931832,0,NA,NA,NA,NA,NA,NA,NA,NA,NA,NA,NA,NA,no_nfl_data_yet,00-0041483,StowEl00,FALSE
Nate Boerkircher,Nate Boerkircher,TE,Texas A&M,2,56,JAX,Baseline,-0.05720280110836029,0.1430345742408285,0.17071538824312588,0,NA,NA,NA,NA,NA,NA,NA,NA,NA,NA,NA,NA,no_nfl_data_yet,00-0041503,BoerNa00,FALSE
Marlin Klein,Marlin Klein,TE,Michigan,2,59,HOU,Baseline,-0.1757623702287674,0.1177285087070758,0.202786913236364,0,NA,NA,NA,NA,NA,NA,NA,NA,NA,NA,NA,NA,no_nfl_data_yet,00-0041472,KleiMa00,FALSE
Max Klare,Max Klare,TE,Ohio State,2,61,LAR,Baseline,-0.24233247339725497,0.10499515603221542,0.22227439919625125,0,NA,NA,NA,NA,NA,NA,NA,NA,NA,NA,NA,NA,no_nfl_data_yet,00-0041510,KlarMa00,FALSE
Sam Roush,Sam Roush,TE,Stanford,3,69,CHI,Baseline,-0.2350582778453827,0.10633595527852774,0.2200943507009198,0,NA,NA,NA,NA,NA,NA,NA,NA,NA,NA,NA,NA,no_nfl_data_yet,00-0041558,RousSa00,FALSE
Oscar Delp,Oscar Delp,TE,Georgia,3,73,NOR,Baseline,-0.23668058216571808,0.10603586166973249,0.22057948364220145,0,NA,NA,NA,NA,NA,NA,NA,NA,NA,NA,NA,NA,no_nfl_data_yet,00-0041041,DelpOs01,FALSE
Will Kacmarek,Will Kacmarek,TE,Ohio State,3,87,MIA,Baseline,-0.2085045427083969,0.11133528810828762,0.212241183054574,0,NA,NA,NA,NA,NA,NA,NA,NA,NA,NA,NA,NA,no_nfl_data_yet,00-0041524,KacmWi00,FALSE
Eli Raridon,Elijah Raridon,TE,Notre Dame,3,95,NWE,Baseline,-0.16304688155651093,0.12028006526908512,0.19918423550122488,0,NA,NA,NA,NA,NA,NA,NA,NA,NA,NA,NA,NA,no_nfl_data_yet,00-0041395,RariEl00,FALSE
Matthew Hibner,Matthew Hibner,TE,SMU,4,133,BAL,Baseline,-0.09231020510196686,0.13518516747844303,0.17985536169560296,0,NA,NA,NA,NA,NA,NA,NA,NA,NA,NA,NA,NA,no_nfl_data_yet,00-0040879,HibnMa00,FALSE
Justin Joly,Justin Joly,TE,North Carolina State,5,152,DEN,Baseline,-0.07243366539478302,0.13959217885160147,0.174643512183069,0,NA,NA,NA,NA,NA,NA,NA,NA,NA,NA,NA,NA,no_nfl_data_yet,00-0041077,JolyJu00,FALSE
Tanner Koziol,Tanner Koziol,TE,Houston,5,164,JAX,Baseline,-0.12470875680446623,0.12820812700276443,0.18855756060128584,0,NA,NA,NA,NA,NA,NA,NA,NA,NA,NA,NA,NA,no_nfl_data_yet,00-0041084,KoziTa00,FALSE
Riley Nowakowski,Riley Nowakowski,TE,Indiana,5,169,PIT,Baseline,-0.23206351697444916,0.1068915358886942,0.21920040876489497,0,NA,NA,NA,NA,NA,NA,NA,NA,NA,NA,NA,NA,no_nfl_data_yet,00-0041398,NowaRi00,FALSE
Joe Royer,Joe Royer,TE,Cincinnati,5,170,CLE,Baseline,-0.18280400335788727,0.11633209264299138,0.2047986589611604,0,NA,NA,NA,NA,NA,NA,NA,NA,NA,NA,NA,NA,no_nfl_data_yet,00-0041087,RoyeJo01,FALSE
Josh Cuevas,Josh Cuevas,TE,Alabama,5,173,BAL,Baseline,-0.12241344898939133,0.12869403447021127,0.18793263033046428,0,NA,NA,NA,NA,NA,NA,NA,NA,NA,NA,NA,NA,no_nfl_data_yet,00-0040887,CuevJo00,FALSE
Seydou Traore,Seydou Traore,TE,Mississippi State,5,180,MIA,Baseline,-0.20157206058502197,0.11266774373745492,0.2102182156619087,0,NA,NA,NA,NA,NA,NA,NA,NA,NA,NA,NA,NA,no_nfl_data_yet,00-0041579,TraoSe00,FALSE
Bauer Sharp,Bauer Sharp,TE,LSU,6,185,TAM,Baseline,-0.14564497768878937,0.12383479551648628,0.1943167190359784,0,NA,NA,NA,NA,NA,NA,NA,NA,NA,NA,NA,NA,no_nfl_data_yet,00-0041094,SharBa00,FALSE
Jack Endries,Jack Endries,TE,Texas,7,221,CIN,Baseline,-0.1154717281460762,0.13017133873707112,0.1860504426651911,0,NA,NA,NA,NA,NA,NA,NA,NA,NA,NA,NA,NA,no_nfl_data_yet,00-0041116,EndrJa00,FALSE
Jaren Kanak,Jaren Kanak,TE,Oklahoma,7,225,TEN,Baseline,-0.1539553999900818,0.12212813456063829,0.19663214281211716,0,NA,NA,NA,NA,NA,NA,NA,NA,NA,NA,NA,NA,no_nfl_data_yet,00-0040901,KanaJa00,FALSE
Carsen Ryan,Carsen Ryan,TE,BYU,7,248,CLE,Baseline,-0.17538206279277802,0.11780426313776168,0.20267859914652617,0,NA,NA,NA,NA,NA,NA,NA,NA,NA,NA,NA,NA,no_nfl_data_yet,00-0041131,RyanCa00,FALSE
Dallen Bentley,Dallen Bentley,TE,Utah,7,256,DEN,Baseline,-0.18218261003494263,0.1164548454266017,0.2046206551473067,0,NA,NA,NA,NA,NA,NA,NA,NA,NA,NA,NA,NA,no_nfl_data_yet,00-0041133,BentDa00,FALSE
Dan Villari,Dan Villari,TE,Syracuse,NA,NA,LA,Baseline,-0.09503237903118134,0.1345891191491526,0.18057667636891417,0,NA,NA,NA,NA,NA,NA,NA,NA,NA,NA,NA,NA,no_nfl_data_yet,00-0041422,VillDa00,FALSE
DJ Rogers,DJ Rogers,TE,TCU,NA,NA,DAL,Baseline,-0.2856520116329193,0.09726326417824432,0.23550941959787516,0,NA,NA,NA,NA,NA,NA,NA,NA,NA,NA,NA,NA,no_nfl_data_yet,00-0040938,RogeDJ00,FALSE
Jack Velling,Jack Velling,TE,Michigan State,NA,NA,ATL,Baseline,-0.22650772333145144,0.10792777338881064,0.21754753348038824,0,NA,NA,NA,NA,NA,NA,NA,NA,NA,NA,NA,NA,no_nfl_data_yet,00-0041195,VellJa00,FALSE
Jameson Geers,Jameson Geers,TE,Minnesota,NA,NA,ARI,Baseline,-0.1933644413948059,0.1142599617474556,0.20783785145888156,0,NA,NA,NA,NA,NA,NA,NA,NA,NA,NA,NA,NA,no_nfl_data_yet,00-0041366,GeerJa00,FALSE
John Michael Gyllenborg,John Michael Gyllenborg,TE,Wyoming,NA,NA,KC,Baseline,-0.1008952185511589,0.13331152271192304,0.18213634772786572,0,NA,NA,NA,NA,NA,NA,NA,NA,NA,NA,NA,NA,no_nfl_data_yet,00-0040955,MichJo03,FALSE
Khalil Dinkins,Khalil Dinkins,TE,Penn State,NA,NA,SF,Baseline,-0.269413560628891,0.10011112790608648,0.23049795055933636,0,NA,NA,NA,NA,NA,NA,NA,NA,NA,NA,NA,NA,no_nfl_data_yet,00-0041357,DinkKh00,FALSE
Lake McRee,Lake McRee,TE,USC,NA,NA,PIT,Baseline,-0.24305911362171173,0.1048618950855123,0.2224928452576843,0,NA,NA,NA,NA,NA,NA,NA,NA,NA,NA,NA,NA,no_nfl_data_yet,00-0041263,McReLa00,FALSE
Michael Trigg,Michael Trigg,TE,Baylor,NA,NA,DAL,Baseline,-0.15577340126037598,0.12175699488600182,0.1971408878304221,0,NA,NA,NA,NA,NA,NA,NA,NA,NA,NA,NA,NA,no_nfl_data_yet,00-0040939,TrigMi00,FALSE
Tanner Arkin,Tanner Arkin,TE,Illinois,NA,NA,NE,Baseline,-0.18127742409706116,0.1166338242155774,0.20436152111052663,0,NA,NA,NA,NA,NA,NA,NA,NA,NA,NA,NA,NA,no_nfl_data_yet,00-0041314,ArkiTa00,FALSE
Carnell Tate,Carnell Tate,WR,Ohio State,1,4,TEN,Upside,0.34067434072494507,0.25292889608150093,0.08805573283830301,0,NA,NA,NA,NA,NA,NA,NA,NA,NA,NA,NA,NA,no_nfl_data_yet,00-0041438,TateCa00,FALSE
Jordyn Tyson,Jordyn Tyson,WR,Arizona State,1,8,NOR,Baseline,0.07313269376754761,0.1748251623070698,0.1394355521128973,0,NA,NA,NA,NA,NA,NA,NA,NA,NA,NA,NA,NA,no_nfl_data_yet,00-0041029,TysoJo00,FALSE
Makai Lemon,Makai Lemon,WR,USC,1,20,PHI,Baseline,-0.09018879383802414,0.13565092556451264,0.17929449213392668,0,NA,NA,NA,NA,NA,NA,NA,NA,NA,NA,NA,NA,no_nfl_data_yet,00-0040867,LemoMa00,FALSE
KC Concepcion,KC Concepcion,WR,Texas A&M,1,24,CLE,Baseline,-0.00332869193516671,0.15566812868458324,0.15727888881718272,0,NA,NA,NA,NA,NA,NA,NA,NA,NA,NA,NA,NA,no_nfl_data_yet,00-0041547,ConcKC00,FALSE
Omar Cooper Jr.,Omar Cooper,WR,Indiana,1,30,NYJ,Baseline,0.09957427531480788,0.18178420878975304,0.13359864437982083,0,NA,NA,NA,NA,NA,NA,NA,NA,NA,NA,NA,NA,no_nfl_data_yet,00-0041511,CoopOm00,FALSE
De'Zhaun Stribling,De'Zhaun-Ryan Stribling,WR,Mississippi,2,33,SFO,Baseline,-0.13649015128612518,0.12573411283795136,0.191785338255449,0,NA,NA,NA,NA,NA,NA,NA,NA,NA,NA,NA,NA,no_nfl_data_yet,00-0041035,StriDe01,FALSE
Denzel Boston,Denzel Boston,WR,Washington,2,39,CLE,Baseline,-0.2346642017364502,0.10640894391628276,0.21997659886899537,0,NA,NA,NA,NA,NA,NA,NA,NA,NA,NA,NA,NA,no_nfl_data_yet,00-0041037,BostDe00,FALSE
Germie Bernard,Germie Bernard,WR,Alabama,2,47,PIT,Baseline,0.1773257851600647,0.20323254739880064,0.11741745020783578,0,NA,NA,NA,NA,NA,NA,NA,NA,NA,NA,NA,NA,no_nfl_data_yet,00-0041489,BernGe00,FALSE
Antonio Williams,Antonio Williams,WR,Clemson,3,71,WAS,Baseline,0.1017329916357994,0.1823599032990819,0.13312964360296478,0,NA,NA,NA,NA,NA,NA,NA,NA,NA,NA,NA,NA,no_nfl_data_yet,00-0041040,WillAn04,FALSE
Malachi Fields,Malachi Fields,WR,Notre Dame,3,74,NYG,Baseline,-0.02222746983170509,0.1511550316491697,0.1619109610737164,0,NA,NA,NA,NA,NA,NA,NA,NA,NA,NA,NA,NA,no_nfl_data_yet,00-0041042,FielMa00,FALSE
Caleb Douglas,Caleb Douglas,WR,Texas Tech,3,75,MIA,Baseline,-0.00780719937756657,0.1545906925038637,0.1583686111838568,0,NA,NA,NA,NA,NA,NA,NA,NA,NA,NA,NA,NA,no_nfl_data_yet,00-0041523,DougCa00,FALSE
Zachariah Branch,Zachariah Branch,WR,Georgia,3,79,ATL,Baseline,-0.02290563844144344,0.1509947169436845,0.16207881493278925,0,NA,NA,NA,NA,NA,NA,NA,NA,NA,NA,NA,NA,no_nfl_data_yet,00-0041044,BranZa00,FALSE
Ja'Kobi Lane,Ja'Kobi Lane,WR,USC,3,80,BAL,Baseline,-0.0673651471734047,0.1407314271200929,0.17332998938316377,0,NA,NA,NA,NA,NA,NA,NA,NA,NA,NA,NA,NA,no_nfl_data_yet,00-0040870,LaneJa01,FALSE
Chris Brazzell II,Chris Brazzell II,WR,Tennessee,3,83,CAR,Baseline,0.02989214845001697,0.16381464449601202,0.14934973979904345,0,NA,NA,NA,NA,NA,NA,NA,NA,NA,NA,NA,NA,no_nfl_data_yet,00-0041047,BrazCh01,FALSE
Ted Hurst III,Ted Hurst,WR,Georgia State,3,84,TAM,Baseline,0.0407981239259243,0.16654830858138958,0.14680592169932122,0,NA,NA,NA,NA,NA,NA,NA,NA,NA,NA,NA,NA,no_nfl_data_yet,00-0041048,HursTe00,FALSE
Zavion Thomas,Zavion Thomas,WR,LSU,3,89,CHI,Baseline,0.14998356997966766,0.1955234459069571,0.12294173367510482,0,NA,NA,NA,NA,NA,NA,NA,NA,NA,NA,NA,NA,no_nfl_data_yet,00-0041051,ThomZa05,FALSE
Chris Bell,Chris Bell,WR,Louisville,3,94,MIA,Baseline,-0.044782355427742,0.14588389166272492,0.16755428757755672,0,NA,NA,NA,NA,NA,NA,NA,NA,NA,NA,NA,NA,no_nfl_data_yet,00-0041525,BellCh00,FALSE
Brenen Thompson,Brenen Thompson,WR,Mississippi State,4,105,LAC,Baseline,-0.01742571592330932,0.15229337401779464,0.16072571752320838,0,NA,NA,NA,NA,NA,NA,NA,NA,NA,NA,NA,NA,no_nfl_data_yet,00-0041550,ThomBr07,FALSE
Elijah Sarratt,Elijah Sarratt,WR,Indiana,4,115,BAL,Baseline,-0.0972520187497139,0.13410444289502374,0.1811661716502982,0,NA,NA,NA,NA,NA,NA,NA,NA,NA,NA,NA,NA,no_nfl_data_yet,00-0040876,SarrEl00,FALSE
Kaden Wetjen,Kaden Wetjen,WR,Iowa,4,121,PIT,Baseline,0.03073775209486484,0.1640255540515864,0.14915145675870706,0,NA,NA,NA,NA,NA,NA,NA,NA,NA,NA,NA,NA,no_nfl_data_yet,00-0041397,WetjKa00,FALSE
Skyler Bell,Skyler Bell,WR,Connecticut,4,125,BUF,Baseline,-0.11509965360164642,0.13025085189382016,0.1859498889277383,0,NA,NA,NA,NA,NA,NA,NA,NA,NA,NA,NA,NA,no_nfl_data_yet,00-0041443,BellSk00,FALSE
Bryce Lance,Bryce Lance,WR,North Dakota State,4,136,NOR,Baseline,-0.03928475081920624,0.14715716848472854,0.16616722065263717,0,NA,NA,NA,NA,NA,NA,NA,NA,NA,NA,NA,NA,no_nfl_data_yet,00-0041067,LancBr00,FALSE
Colbie Young,Colbie Young,WR,Georgia,4,140,CIN,Baseline,-0.14766140282154083,0.12341916853740006,0.19487699820649015,0,NA,NA,NA,NA,NA,NA,NA,NA,NA,NA,NA,NA,no_nfl_data_yet,00-0041069,YounCo01,FALSE
Reggie Virgil,Reggie Virgil,WR,Texas Tech,5,143,ARI,Baseline,0.03539076074957847,0.16518925255349057,0.14806353330227226,0,NA,NA,NA,NA,NA,NA,NA,NA,NA,NA,NA,NA,no_nfl_data_yet,00-0041070,VirgRe00,FALSE
Kendrick Law,Kendrick Law,WR,Kentucky,5,168,DET,Baseline,-0.08609966188669205,0.13655179744310056,0.17821649377093016,0,NA,NA,NA,NA,NA,NA,NA,NA,NA,NA,NA,NA,no_nfl_data_yet,00-0041446,LawxKe00,FALSE
Cyrus Allen,Cyrus Allen,WR,Cincinnati,5,176,KAN,Baseline,0.11821403354406355,0.18679259442458107,0.12958633804743205,0,NA,NA,NA,NA,NA,NA,NA,NA,NA,NA,NA,NA,no_nfl_data_yet,00-0040890,AlleCy00,FALSE
Kevin Coleman Jr.,Kevin Coleman,WR,Missouri,5,177,MIA,Baseline,0.1776665300130844,0.20332975047816015,0.11734973260681424,0,NA,NA,NA,NA,NA,NA,NA,NA,NA,NA,NA,NA,no_nfl_data_yet,00-0041529,ColeKe03,FALSE
Barion Brown,Barion Brown,WR,LSU,6,190,NOR,Baseline,0.0885259285569191,0.17885562513825226,0.1360167770792681,0,NA,NA,NA,NA,NA,NA,NA,NA,NA,NA,NA,NA,no_nfl_data_yet,00-0041099,BrowBa02,FALSE
Josh Cameron,Josh Cameron,WR,Baylor,6,191,JAX,Baseline,-0.13113924860954285,0.12685360786215552,0.1903151659132279,0,NA,NA,NA,NA,NA,NA,NA,NA,NA,NA,NA,NA,no_nfl_data_yet,00-0041100,CameJo01,FALSE
Malik Benson,Malik Benson,WR,Oregon,6,195,LVR,Baseline,-0.08438187837600708,0.13693145802087045,0.17776486371649064,0,NA,NA,NA,NA,NA,NA,NA,NA,NA,NA,NA,NA,no_nfl_data_yet,00-0040894,BensMa00,FALSE
CJ Daniels,CJ Daniels,WR,Miami,6,197,LAR,Baseline,-0.07871907204389572,0.13818814418303324,0.17628114945350606,0,NA,NA,NA,NA,NA,NA,NA,NA,NA,NA,NA,NA,no_nfl_data_yet,00-0041399,DaniCJ00,FALSE
Emmanuel Henderson Jr.,Emmanuel Henderson,WR,Kansas,6,199,SEA,Baseline,0.01420257519930601,0.1599333178617359,0.15306066163033033,0,NA,NA,NA,NA,NA,NA,NA,NA,NA,NA,NA,NA,no_nfl_data_yet,00-0040895,HendEm00,FALSE
C.J. Williams,C.J. Williams,WR,Stanford,6,203,JAX,Baseline,-0.08219002187252045,0.13741694374640082,0.17718964245206617,0,NA,NA,NA,NA,NA,NA,NA,NA,NA,NA,NA,NA,no_nfl_data_yet,00-0041106,WillCJ00,FALSE
Lewis Bond,Lewis Bond,WR,Boston College,6,204,HOU,Baseline,-0.04738281667232513,0.1452841968462151,0.16821298495407783,0,NA,NA,NA,NA,NA,NA,NA,NA,NA,NA,NA,NA,no_nfl_data_yet,00-0041467,BondLe00,FALSE
Deion Burks,Deion Burks,WR,Oklahoma,7,254,IND,Baseline,-0.1404840350151062,0.12490303248958452,0.19288718578613545,0,NA,NA,NA,NA,NA,NA,NA,NA,NA,NA,NA,NA,no_nfl_data_yet,00-0041132,BurkDe02,FALSE
Chris Hilton Jr.,Chris Hilton,WR,LSU,NA,NA,GB,Baseline,-0.0782085731625557,0.13830181891417304,0.17614777958635722,0,NA,NA,NA,NA,NA,NA,NA,NA,NA,NA,NA,NA,no_nfl_data_yet,00-0041179,HiltCh00,FALSE
Dane Key,Dane Key,WR,Nebraska,NA,NA,DEN,Baseline,-0.02618718519806862,0.1502205793361941,0.16289263259578218,0,NA,NA,NA,NA,NA,NA,NA,NA,NA,NA,NA,NA,no_nfl_data_yet,00-0041293,KeyxDa00,FALSE
Dillon Bell,Dillon Bell,WR,Georgia,NA,NA,MIN,Baseline,0.08111801743507385,0.17690873887005176,0.1376548150618059,0,NA,NA,NA,NA,NA,NA,NA,NA,NA,NA,NA,NA,no_nfl_data_yet,00-0041342,NA,FALSE
Eric Rivers Jr.,Eric Rivers,WR,Georgia Tech,NA,NA,TB,Baseline,0.10865484923124312,0.18421352074295003,0.1316334545468579,0,NA,NA,NA,NA,NA,NA,NA,NA,NA,NA,NA,NA,no_nfl_data_yet,00-0041257,RiveEr00,FALSE
Harrison Wallace III,Harrison Wallace,WR,Mississippi,NA,NA,ARI,Baseline,-0.05665511637926102,0.1431594181038866,0.17057519875695784,0,NA,NA,NA,NA,NA,NA,NA,NA,NA,NA,NA,NA,no_nfl_data_yet,00-0041368,WallHa00,FALSE
J. Michael Sturdivant,J. Michael Sturdivant,WR,Florida,NA,NA,GB,Baseline,-0.07626695185899734,0.13873474928756094,0.17564110690931758,0,NA,NA,NA,NA,NA,NA,NA,NA,NA,NA,NA,NA,no_nfl_data_yet,00-0040948,MichJ00,FALSE
Ja'Mori Maclin,Ja'Mori Maclin,WR,Kentucky,NA,NA,BUF,Baseline,-0.14840534329414368,0.12326607405231528,0.19508395561222225,0,NA,NA,NA,NA,NA,NA,NA,NA,NA,NA,NA,NA,no_nfl_data_yet,00-0041272,MaclJa00,FALSE
Jeff Caldwell,Jeff Caldwell,WR,Cincinnati,NA,NA,KC,Baseline,-0.07222559303045273,0.13963882337019945,0.17458946546971982,0,NA,NA,NA,NA,NA,NA,NA,NA,NA,NA,NA,NA,no_nfl_data_yet,00-0040953,CaldJe01,FALSE
Jordan Hudson,Jordan Hudson,WR,SMU,NA,NA,DAL,Baseline,0.07810282707214355,0.17612016098626407,0.13832537376631024,0,NA,NA,NA,NA,NA,NA,NA,NA,NA,NA,NA,NA,no_nfl_data_yet,00-0040934,HudsJo00,FALSE
Malik McClain,Malik McClain,WR,Arizona State,NA,NA,NYJ,Baseline,-0.1813859790563583,0.11661234979080284,0.20439258759950252,0,NA,NA,NA,NA,NA,NA,NA,NA,NA,NA,NA,NA,no_nfl_data_yet,00-0041267,McClMa00,FALSE
Michael Wortham,Michael Wortham,WR,Montana,NA,NA,JAX,Baseline,-0.0500500425696373,0.1446708306857662,0.16889032200458556,0,NA,NA,NA,NA,NA,NA,NA,NA,NA,NA,NA,NA,no_nfl_data_yet,00-0041220,WortMi00,FALSE
Noah Thomas,Noah Thomas,WR,Georgia,NA,NA,CIN,Baseline,-0.01593541353940963,0.1526478313385149,0.16035901295534707,0,NA,NA,NA,NA,NA,NA,NA,NA,NA,NA,NA,NA,no_nfl_data_yet,00-0041248,ThomNo01,FALSE
Omari Evans,Omari Evans,WR,Washington,NA,NA,KC,Baseline,-0.04912564530968666,0.14488321105266824,0.16865537490247912,0,NA,NA,NA,NA,NA,NA,NA,NA,NA,NA,NA,NA,no_nfl_data_yet,00-0040954,EvanOm00,FALSE
Trebor Pena,Trebor Pena,WR,Penn State,NA,NA,JAX,Baseline,0.06484459340572357,0.17267912761112889,0.14130031322814407,0,NA,NA,NA,NA,NA,NA,NA,NA,NA,NA,NA,NA,no_nfl_data_yet,00-0041216,PenaTr00,FALSE
Tyren Montgomery,Tyren Montgomery,WR,John Carroll,NA,NA,TEN,Baseline,-0.1325407773256302,0.12655971694657361,0.19069956831091303,0,NA,NA,NA,NA,NA,NA,NA,NA,NA,NA,NA,NA,no_nfl_data_yet,00-0040919,MontTy02,FALSE
Vinny Anthony II,Vinny Anthony II,WR,Wisconsin,NA,NA,ATL,Baseline,0.09077470004558565,0.17944928696679008,0.1355221794986337,0,NA,NA,NA,NA,NA,NA,NA,NA,NA,NA,NA,NA,no_nfl_data_yet,00-0041185,AnthVi01,FALSE
Will Pauling,Will Pauling,WR,Notre Dame,NA,NA,SF,Baseline,-0.08057045936584473,0.13777642325978737,0.17676536768106738,0,NA,NA,NA,NA,NA,NA,NA,NA,NA,NA,NA,NA,no_nfl_data_yet,00-0041361,PaulWi00,FALSE
