bin,n,pred,emp,delta,method,threshold,position
"[0,0.1)",806,0.08635878978129416,0.07816377171215881,-0.008195018069135349,norm,15+,RB
"[0.1,0.2)",3560,0.1470237901615682,0.13792134831460673,-0.009102441846961462,norm,15+,RB
"[0.2,0.3)",2199,0.24629038598872566,0.2246475670759436,-0.021642818912782052,norm,15+,RB
"[0.3,0.4)",1777,0.35026521506440683,0.3140123804164322,-0.03625283464797463,norm,15+,RB
"[0.4,0.5)",1900,0.4480987789824961,0.41,-0.03809877898249614,norm,15+,RB
"[0.5,0.6)",945,0.5408263589060772,0.5216931216931217,-0.019133237212955567,norm,15+,RB
"[0.6,0.7)",312,0.6411117619636413,0.5993589743589743,-0.04175278760466694,norm,15+,RB
"[0.7,0.8)",100,0.7399498368167672,0.75,0.010050163183232819,norm,15+,RB
"[0.8,0.9)",22,0.8292529439355263,0.8636363636363636,0.03438341970083736,norm,15+,RB
"[0,0.1)",998,0.08237024048096192,0.0841683366733467,0.0017980961923847738,sim,15+,RB
"[0.1,0.2)",3564,0.14619753086419754,0.14309764309764308,-0.0030998877665544544,sim,15+,RB
"[0.2,0.3)",2274,0.24655650835532103,0.23526824978012312,-0.011288258575197913,sim,15+,RB
"[0.3,0.4)",2009,0.35132155301144846,0.3255350920856147,-0.025786460925833754,sim,15+,RB
"[0.4,0.5)",1771,0.4466383399209486,0.44664031620553357,1.976284584981336e-6,sim,15+,RB
"[0.5,0.6)",697,0.5417058823529411,0.5380200860832137,-0.003685796269727426,sim,15+,RB
"[0.6,0.7)",223,0.6408587443946189,0.6457399103139013,0.004881165919282449,sim,15+,RB
"[0.7,0.8)",73,0.7376986301369863,0.7534246575342466,0.015726027397260256,sim,15+,RB
"[0.8,0.9)",12,0.8263333333333334,0.9166666666666666,0.09033333333333327,sim,15+,RB
"[0,0.1)",6550,0.0443491748446243,0.06595419847328245,0.021605023628658147,norm,20+,RB
"[0.1,0.2)",2843,0.14877871645876947,0.17340837143862117,0.0246296549798517,norm,20+,RB
"[0.2,0.3)",1628,0.23949138577163673,0.2727272727272727,0.03323588695563598,norm,20+,RB
"[0.3,0.4)",416,0.3402954114741197,0.3701923076923077,0.02989689621818803,norm,20+,RB
"[0.4,0.5)",130,0.44414864034830454,0.5076923076923077,0.06354366734400313,norm,20+,RB
"[0.5,0.6)",44,0.5381965322884323,0.5454545454545454,0.007258013166113075,norm,20+,RB
"[0.6,0.7)",10,0.6463358739534283,0.7,0.05366412604657167,norm,20+,RB
"[0,0.1)",6029,0.0500173328910267,0.06153590976944767,0.01151857687842097,sim,20+,RB
"[0.1,0.2)",3184,0.1474535175879397,0.1620603015075377,0.014606783919597993,sim,20+,RB
"[0.2,0.3)",1817,0.23904457897633463,0.26252063841496975,0.023476059438635122,sim,20+,RB
"[0.3,0.4)",435,0.33797241379310344,0.3954022988505747,0.057429885057471264,sim,20+,RB
"[0.4,0.5)",121,0.44117768595041323,0.5041322314049587,0.06295454545454543,sim,20+,RB
"[0.5,0.6)",29,0.5429655172413793,0.6896551724137931,0.14668965517241384,sim,20+,RB
"[0.6,0.7)",6,0.62975,0.5,-0.12975000000000003,sim,20+,RB
"[0,0.1)",653,0.08834875365666105,0.09647779479326186,0.008129041136600818,norm,15+,WR
"[0.1,0.2)",5602,0.1475537081623523,0.13102463405926454,-0.016529074103087765,norm,15+,WR
"[0.2,0.3)",4142,0.24807984248114617,0.23660067600193144,-0.011479166479214736,norm,15+,WR
"[0.3,0.4)",2831,0.3471112566212493,0.34616743200282585,-9.438246184234611e-4,norm,15+,WR
"[0.4,0.5)",2114,0.4464564005564109,0.4247871333964049,-0.021669267160006,norm,15+,WR
"[0.5,0.6)",1340,0.5426652395894219,0.48582089552238805,-0.05684434406703387,norm,15+,WR
"[0.6,0.7)",461,0.6380274991415519,0.5422993492407809,-0.09572814990077094,norm,15+,WR
"[0.7,0.8)",75,0.7342445503194466,0.6266666666666667,-0.10757788365277987,norm,15+,WR
"[0.8,0.9)",5,0.8205212355963625,0.4,-0.42052123559636245,norm,15+,WR
"[0,0.1)",933,0.0857465166130761,0.08788853161843516,0.0021420150053590575,sim,15+,WR
"[0.1,0.2)",5535,0.1488620596205962,0.13568202348690153,-0.013180036133694673,sim,15+,WR
"[0.2,0.3)",4328,0.24756862292051757,0.24792051756007394,3.5189463955637157e-4,sim,15+,WR
"[0.3,0.4)",2985,0.3481530988274707,0.3597989949748744,0.01164589614740369,sim,15+,WR
"[0.4,0.5)",2138,0.44609985968194577,0.4260991580916745,-0.020000701590271286,sim,15+,WR
"[0.5,0.6)",1033,0.5406853823814134,0.5285575992255567,-0.01212778315585672,sim,15+,WR
"[0.6,0.7)",244,0.6361331967213115,0.6229508196721312,-0.01318237704918035,sim,15+,WR
"[0.7,0.8)",26,0.7285,0.6153846153846154,-0.11311538461538462,sim,15+,WR
"[0.8,0.9)",1,0.805,0,-0.805,sim,15+,WR
"[0,0.1)",10627,0.047220705462806926,0.07095135033405477,0.02373064487124784,norm,20+,WR
"[0.1,0.2)",4011,0.14338541564265617,0.19471453502867114,0.051329119386014976,norm,20+,WR
"[0.2,0.3)",1859,0.24311635918265367,0.27326519634211943,0.030148837159465758,norm,20+,WR
"[0.3,0.4)",590,0.33895063266637143,0.33728813559322035,-0.0016624970731510813,norm,20+,WR
"[0.4,0.5)",117,0.4359457617325244,0.4358974358974359,-4.832583508851407e-5,norm,20+,WR
"[0.5,0.6)",18,0.5289035252832226,0.5,-0.028903525283222598,norm,20+,WR
"[0.6,0.7)",1,0.6406154987292406,0,-0.6406154987292406,norm,20+,WR
"[0,0.1)",9478,0.053528276007596534,0.06267144967292677,0.00914317366533024,sim,20+,WR
"[0.1,0.2)",4669,0.14361608481473548,0.17755408010280574,0.03393799528807026,sim,20+,WR
"[0.2,0.3)",2249,0.24428835037794575,0.2605602489995554,0.016271898621609632,sim,20+,WR
"[0.3,0.4)",693,0.3385252525252525,0.3333333333333333,-0.005191919191919192,sim,20+,WR
"[0.4,0.5)",120,0.4376291666666667,0.4666666666666667,0.029037499999999994,sim,20+,WR
"[0.5,0.6)",14,0.5280357142857143,0.42857142857142855,-0.09946428571428573,sim,20+,WR
