gsis_id,esb_id,pfr_id,nfl_name,dm_name,pos,school,draft_round,draft_pick,draft_team,pred,pred_uncertainty,p_boom,p_bust,p_expected,model_verdict,match_method,gsis_provisional
MEN516487,MEN516487,MendFe00,Fernando Mendoza,Fernando Mendoza,QB,Indiana,1,1,LVR,0.0568089634180069,0.9511085952472036,0.16067793724077054,0.1332553678687046,0.7060666948905249,Baseline,pfr_id,TRUE
SIM639376,SIM639376,SimpTy00,Ty Simpson,Ty Simpson,QB,Alabama,1,13,LAR,0.3002490699291229,0.9511085952472036,0.23095013722046392,0.08579887480714048,0.6832509879723957,Baseline,pfr_id,TRUE
NA,NA,BeckCa01,Carson Beck,Carson Beck,QB,Miami,3,65,ARI,-0.07119312137365341,0.9511085952472036,0.13002828567663377,0.1643955279998606,0.7055761863235057,Baseline,pfr_id,FALSE
ALL015451,ALL015451,AllaDr00,Drew Allar,Drew Allar,QB,Penn State,3,76,PIT,-0.023854615166783333,0.9511085952472036,0.14085509034465155,0.15236949194252972,0.7067754177128188,Baseline,pfr_id,TRUE
00-0041056,KLU066027,KlubCa00,Cade Klubnik,Cade Klubnik,QB,Clemson,4,110,NYJ,-0.01800626702606678,0.9511085952472036,0.14223393010112373,0.15092534697485965,0.7068407229240166,Baseline,pfr_id,FALSE
00-0040891,PAY546690,PaytCo00,Cole Payton,Cole Payton,QB,North Dakota State,5,178,PHI,0.03638151288032532,0.9511085952472036,0.1554935529402649,0.1379322771146366,0.7065741699450985,Baseline,name_pos,FALSE
00-0041092,GRE361852,GreeTa00,Taylen Green,Taylen Green,QB,Arkansas,6,182,CLE,-0.21280013024806976,0.9511085952472036,0.1011291926830256,0.2039299518839047,0.6949408554330697,Baseline,pfr_id,FALSE
00-0041117,KAL252591,KaliAt00,Athan Kaliakmanis,Athan Kaliakmanis,QB,Rutgers,7,223,WAS,-0.09553033113479614,0.9511085952472036,0.12469224552432392,0.1708114230179886,0.7044963314576875,Baseline,name_pos,FALSE
00-0041123,MOR767384,MortBe00,Behren Morton,Behren Morton,QB,Texas Tech,7,234,NWE,-0.028549017384648323,0.9511085952472036,0.13975489332919755,0.15353530510589802,0.7067098015649045,Baseline,pfr_id,FALSE
00-0040906,NUS440041,NussGa00,Garrett Nussmeier,Garrett Nussmeier,QB,LSU,7,249,KAN,-0.14899052679538727,0.9511085952472036,0.11351324924288655,0.18545895035033752,0.7010278004067759,Baseline,pfr_id,FALSE
00-0041149,KIN505883,NA,Haynes King,Haynes King,QB,Georgia Tech,NA,NA,CAR,-0.09560594707727432,0.9511085952472036,0.12467590847308382,0.1708316037349267,0.7044924877919895,Baseline,udfa_name,FALSE
00-0041251,DAN558971,DaniJa03,Jalon Daniels,Jalon Daniels,QB,Kansas,NA,NA,TB,-0.07112161070108414,0.9511085952472036,0.13004419411439275,0.1643769092019061,0.7055788966837012,Baseline,udfa_name,FALSE
00-0040981,FAG628560,FagnJo00,Joe Fagnano,Joe Fagnano,QB,Connecticut,NA,NA,BAL,-0.03215101733803749,0.9511085952472036,0.13891468687700897,0.15443382470289493,0.7066514884200961,Baseline,udfa_name,FALSE
00-0041203,AGU411717,NA,Joey Aguilar,Jose Aguilar,QB,Tennessee,NA,NA,JAX,-0.018017517402768135,0.9511085952472036,0.1422312689104482,0.15092811627934438,0.7068406148102073,Baseline,udfa_name,FALSE
00-0040942,DRO201270,DronKy00,Kyron Drones,Kyron Drones,QB,Virginia Tech,NA,NA,GB,-0.13085179030895233,0.9511085952472036,0.11722321154635267,0.18040401776684012,0.7023727706868073,Baseline,udfa_name,FALSE
00-0041453,ALT577722,AltmLu00,Luke Altmyer,Luke Altmyer,QB,Illinois,NA,NA,DET,-0.021443504840135574,0.9511085952472036,0.14142244484442273,0.15177300390487078,0.7068045512507064,Baseline,udfa_name,FALSE
00-0041156,GRO137480,GronMa00,Mark Gronowski,Mark Gronowski,QB,Iowa,NA,NA,MIA,-0.18593861162662506,0.9511085952472036,0.10621683194693891,0.19602435431028248,0.6977588137427786,Baseline,udfa_name,FALSE
00-0041172,MOS637754,MossMi00,Miller Moss,Miller Moss,QB,Louisville,NA,NA,CHI,-0.18154659867286682,0.9511085952472036,0.10706597417721964,0.19474965812657619,0.6981843676962042,Baseline,udfa_name,FALSE
00-0041027,LOV121782,LoveJe00,Jeremiyah Love,Jeremiyah Love,RB,Notre Dame,1,3,ARI,0.0049143219366669655,1.000000933924167,0.15984752380021683,0.15746927972118868,0.6826831964785944,Baseline,pfr_id,FALSE
00-0041512,PRI206342,PricJa02,Jadarian Price,Jadarian Price,RB,Notre Dame,1,32,SEA,0.0018007864709943533,1.000000933924167,0.1590916098549978,0.15822013464081808,0.6826882555041841,Baseline,pfr_id,FALSE
00-0041052,BLA097235,BlacKa00,Kaelon Black,Kaelon Black,RB,Indiana,3,90,SFO,2.5472301058471203e-4,1.000000933924167,0.1587171232750585,0.15859385225221287,0.6826890244727286,Baseline,name_pos,FALSE
00-0041496,COL293648,ColeJo00,Jonah Coleman,Jonah Coleman,RB,Washington,4,108,DEN,0.007750656921416521,1.000000933924167,0.16053817981322197,0.15678731567197207,0.6826745045148059,Baseline,pfr_id,FALSE
00-0040878,WAS797326,WashMi00,Mike Washington Jr.,Mike Washington Jr.,RB,Arkansas,4,122,LVR,0.001685807015746832,1.000000933924167,0.15906373969163376,0.1582479078016358,0.6826883525067304,Baseline,pfr_id,FALSE
00-0041081,BRE060106,BredMa00,Max Bredeson,Max Bredeson,RB,Michigan,5,159,MIN,-0.02386840619146824,1.000000933924167,0.15294894319320243,0.16449985420720198,0.6825512025995957,Baseline,name_only,FALSE
00-0041013,JOH224817,JohnEm01,Emmett Johnson,Emmett Johnson,RB,Nebraska,5,161,KAN,0.005662337876856327,1.000000933924167,0.1600294789253638,0.15728923892837027,0.682681282146266,Baseline,pfr_id,FALSE
NA,NA,SingNi01,Nicholas Singleton,Nicholas Singleton,RB,Penn State,5,165,TEN,0.0012857464607805014,1.000000933924167,0.15896679292211388,0.15834456691678878,0.6826886401610973,Baseline,pfr_id,FALSE
00-0040888,RAN022436,RandAd00,Adam Randall,Adam Randall,RB,Clemson,5,174,BAL,-0.019201455637812614,1.000000933924167,0.15405389377480755,0.16334627401768897,0.6825998322075035,Baseline,pfr_id,FALSE
00-0041096,ALL532376,AlleKa01,Kaytron Allen,Kaytron Allen,RB,Penn State,6,187,WAS,0.002586134010925889,1.000000933924167,0.1592820577924559,0.15803052035180584,0.6826874218557383,Baseline,pfr_id,FALSE
00-0041104,CLA041524,ClaiDe00,Demond Claiborne,Demond Claiborne,RB,Wake Forest,6,198,MIN,0.006133827846497297,1.000000933924167,0.16014423857905427,0.15717582504297634,0.6826799363779694,Baseline,pfr_id,FALSE
00-0041125,MCG547540,McGoSe01,Seth McGowan,Seth McGowan,RB,Kentucky,7,237,IND,-0.0015001483261585236,1.000000933924167,0.15829276020658573,0.15901874416131803,0.6826884956320962,Baseline,pfr_id,FALSE
00-0041129,MIL303300,MillJa03,Jam Miller,Jam Miller,RB,Alabama,7,245,NWE,2.536367392167449e-4,1.000000933924167,0.15871686036237861,0.1585941150312728,0.6826890246063486,Baseline,name_pos,FALSE
00-0041191,JON150008,JoneCa06,Cash Jones,Cash Jones,RB,Georgia,NA,NA,ATL,0.003597220638766885,1.000000933924167,0.1595274675417122,0.15778662337329036,0.6826859090849975,Baseline,udfa_name,FALSE
00-0041239,TRA547801,TrayCh00,Chip Trayanum,Chip Trayanum,RB,Toledo,NA,NA,NYJ,0.0031257309019565582,1.000000933924167,0.15941299733094108,0.15790032658895276,0.6826866760801062,Baseline,udfa_name,FALSE
00-0041326,DON153725,DonaCJ00,CJ Donaldson,CJ Donaldson,RB,Ohio State,NA,NA,NO,-0.002506181364879012,1.000000933924167,0.1580498172932202,0.15926266233448833,0.6826875203722915,Baseline,udfa_name,FALSE
00-0041415,CON545055,ConnDe00,Dean Connors,Dean Connors,RB,Houston,NA,NA,LA,0.0011939748656004667,1.000000933924167,0.15894455935040877,0.15836674542383553,0.6826886952257557,Baseline,udfa_name,FALSE
00-0040937,RIC410819,NA,Dominic Richardson,Dominic Richardson,RB,Tulsa,NA,NA,DAL,0.004758643917739391,1.000000933924167,0.159809672090944,0.15750676705797387,0.6826835608510822,Baseline,udfa_name,FALSE
00-0040964,SMI251720,SmitEJ00,EJ Smith,E.J. Smith,RB,Texas A&M,NA,NA,KC,0.0047416663728654385,1.000000933924167,0.15980554450832948,0.15751085561302625,0.6826835998786442,Baseline,udfa_name,FALSE
00-0041490,HEI114391,HeidEl00,Eli Heidenreich,Eli Heidenreich,RB,Navy,NA,NA,PIT,0.02516767382621765,1.000000933924167,0.16482194546601,0.15264226500947273,0.6825357895245172,Baseline,udfa_name,FALSE
00-0041244,HAY608012,HaynJa01,Jamal Haynes,Jamal Haynes,RB,Georgia Tech,NA,NA,CIN,0.0037832690868526697,1.000000933924167,0.15957265194689332,0.15774177122291608,0.6826855768301906,Baseline,udfa_name,FALSE
00-0040959,OTT017302,NA,Jaydn Ott,Jaydn Ott,RB,Oklahoma,NA,NA,KC,7.224853034131229e-4,1.000000933924167,0.1588303633584026,0.15848072277376038,0.682688913867837,Baseline,udfa_name,FALSE
00-0041217,TAY388181,TaylJM00,J'Mari Taylor,J'Mari Taylor,RB,Virginia,NA,NA,JAX,2.573641831986606e-4,1.000000933924167,0.15871776252514322,0.15859321332939563,0.6826890241454611,Baseline,udfa_name,FALSE
00-0041433,CAL748214,NA,Kadarius Calloway,Kadarius Calloway,RB,New Mexico State,NA,NA,TB,0.0235288105905056,1.000000933924167,0.16441573501734655,0.15302916838615788,0.6825550965964956,Baseline,udfa_name,FALSE
00-0041350,OWE539873,NA,Kejon Owens,Kejon Owens,RB,Florida International,NA,NA,MIN,-0.003264110069721937,1.000000933924167,0.1578669498586899,0.159446588015642,0.6826864621256681,Baseline,udfa_name,FALSE
00-0041241,BUL521409,BullKe01,Kentrel Bullock,Kentrel Bullock,RB,South Alabama,NA,NA,CIN,0.0022390861995518208,1.000000933924167,0.15919787978294564,0.15811429316301603,0.6826878270540383,Baseline,udfa_name,FALSE
00-0041312,WHI812467,WhitNo00,Noah Whittington,Noah Whittington,RB,Oregon,NA,NA,HOU,-0.006191337946802378,1.000000933924167,0.15716199503812323,0.16015824009547275,0.682679764866404,Baseline,udfa_name,FALSE
00-0041178,HEN713719,HenrRo00,Robert Henry Jr.,Robert Henry Jr.,RB,Texas-San Antonio,NA,NA,WAS,0.005463392939418554,1.000000933924167,0.1599810722880341,0.1573371099923325,0.6826818177196333,Baseline,udfa_name,FALSE
00-0040998,HEM079286,HembRo00,Roman Hemby,Roman Hemby,RB,Indiana,NA,NA,LV,0.0036601165775209665,1.000000933924167,0.15954274174185587,0.1577714596216956,0.6826857986364485,Baseline,udfa_name,FALSE
00-0041032,SAD482340,SadiKe00,Kenyon Sadiq,Kenyon Sadiq,TE,Oregon,1,16,NYJ,-0.08012136816978455,0.9910181270537508,0.13787621746665008,0.17664783364643674,0.6854759488869131,Baseline,pfr_id,FALSE
00-0041483,STO806346,StowEl00,Eli Stowers,Eli Stowers,TE,Vanderbilt,2,54,PHI,-0.2156289517879486,0.9910181270537508,0.10997773537028648,0.21433196508931832,0.6756902995403953,Baseline,pfr_id,FALSE
00-0041503,BOE586077,BoerNa00,Nate Boerkircher,Nate Boerkircher,TE,Texas A&M,2,56,JAX,-0.05720280110836029,0.9910181270537508,0.1430345742408285,0.17071538824312588,0.6862500375160456,Baseline,pfr_id,FALSE
00-0041472,KLE258860,KleiMa00,Marlin Klein,Marlin Klein,TE,Michigan,2,59,HOU,-0.1757623702287674,0.9910181270537508,0.11772850870707581,0.202786913236364,0.6794845780565602,Baseline,pfr_id,FALSE
00-0041510,KLA269938,KlarMa00,Max Klare,Max Klare,TE,Ohio State,2,61,LAR,-0.24233247339725494,0.9910181270537508,0.10499515603221542,0.22227439919625125,0.6727304447715333,Baseline,pfr_id,FALSE
00-0041558,ROU550040,RousSa00,Sam Roush,Sam Roush,TE,Stanford,3,69,CHI,-0.2350582778453827,0.9910181270537508,0.10633595527852774,0.2200943507009198,0.6735696940205526,Baseline,pfr_id,FALSE
NA,NA,DelpOs01,Oscar Delp,Oscar Delp,TE,Georgia,3,73,NOR,-0.23668058216571808,0.9910181270537508,0.10603586166973247,0.22057948364220142,0.6733846546880662,Baseline,pfr_id,FALSE
00-0041524,KAC282861,KacmWi00,Will Kacmarek,Will Kacmarek,TE,Ohio State,3,87,MIA,-0.2085045427083969,0.9910181270537508,0.11133528810828762,0.21224118305457398,0.6764235288371384,Baseline,name_pos,FALSE
00-0041395,RAR148318,RariEl00,Eli Raridon,Elijah Raridon,TE,Notre Dame,3,95,NWE,-0.16304688155651093,0.9910181270537508,0.12028006526908513,0.19918423550122488,0.6805356992296899,Baseline,pfr_id,FALSE
00-0040879,HIB564972,HibnMa00,Matthew Hibner,Matthew Hibner,TE,SMU,4,133,BAL,-0.09231020510196686,0.9910181270537508,0.13518516747844303,0.17985536169560296,0.6849594708259541,Baseline,pfr_id,FALSE
00-0041077,JOL735174,JolyJu00,Justin Joly,Justin Joly,TE,North Carolina State,5,152,DEN,-0.07243366539478302,0.9910181270537508,0.13959217885160147,0.174643512183069,0.6857643089653296,Baseline,pfr_id,FALSE
00-0041084,KOZ404039,KoziTa00,Tanner Koziol,Tanner Koziol,TE,Houston,5,164,JAX,-0.12470875680446625,0.9910181270537508,0.12820812700276443,0.18855756060128584,0.6832343123959498,Baseline,pfr_id,FALSE
00-0041398,NOW373761,NowaRi00,Riley Nowakowski,Riley Nowakowski,TE,Indiana,5,169,PIT,-0.23206351697444916,0.9910181270537508,0.1068915358886942,0.21920040876489497,0.6739080553464109,Baseline,pfr_id,FALSE
NA,NA,RoyeJo01,Joe Royer,Joe Royer,TE,Cincinnati,5,170,CLE,-0.18280400335788727,0.9910181270537508,0.11633209264299138,0.2047986589611604,0.6788692483958483,Baseline,pfr_id,FALSE
00-0040887,CUE040912,CuevJo00,Josh Cuevas,Josh Cuevas,TE,Alabama,5,173,BAL,-0.12241344898939133,0.9910181270537508,0.12869403447021127,0.18793263033046428,0.6833733351993245,Baseline,pfr_id,FALSE
TRA291459,TRA291459,TraoSe00,Seydou Traore,Seydou Traore,TE,Mississippi State,5,180,MIA,-0.20157206058502197,0.9910181270537508,0.11266774373745493,0.21021821566190874,0.6771140406006364,Baseline,name_pos,TRUE
00-0041094,SHA375359,SharBa00,Bauer Sharp,Bauer Sharp,TE,LSU,6,185,TAM,-0.14564497768878937,0.9910181270537508,0.12383479551648627,0.19431671903597839,0.6818484854475354,Baseline,pfr_id,FALSE
00-0041116,END438361,EndrJa00,Jack Endries,Jack Endries,TE,Texas,7,221,CIN,-0.1154717281460762,0.9910181270537508,0.13017133873707112,0.18605044266519113,0.6837782185977378,Baseline,pfr_id,FALSE
00-0040901,KAN023071,KanaJa00,Jaren Kanak,Jaren Kanak,TE,Oklahoma,7,225,TEN,-0.1539553999900818,0.9910181270537508,0.12212813456063827,0.19663214281211716,0.6812397226272445,Baseline,pfr_id,FALSE
00-0041131,RYA022232,RyanCa00,Carsen Ryan,Carsen Ryan,TE,BYU,7,248,CLE,-0.17538206279277802,0.9910181270537508,0.11780426313776168,0.20267859914652617,0.6795171377157121,Baseline,name_pos,FALSE
00-0041133,BEN687044,BentDa00,Dallen Bentley,Dallen Bentley,TE,Utah,7,256,DEN,-0.18218261003494263,0.9910181270537508,0.1164548454266017,0.20462065514730673,0.6789244994260916,Baseline,pfr_id,FALSE
00-0040927,WRI136445,WrigDa01,Dae'Quan Wright,Dae'Quan Wright,TE,Mississippi,NA,NA,PHI,-0.1462312638759613,0.9910181270537508,0.12371384889735867,0.19447952192571596,0.6818066291769254,Baseline,udfa_name,FALSE
00-0041422,VIL556907,NA,Dan Villari,Dan Villari,TE,Syracuse,NA,NA,LA,-0.09503237903118134,0.9910181270537508,0.13458911914915261,0.18057667636891417,0.6848342044819332,Baseline,udfa_name,FALSE
00-0040938,ROG215734,NA,DJ Rogers,DJ Rogers,TE,TCU,NA,NA,DAL,-0.2856520116329193,0.9910181270537508,0.09726326417824431,0.23550941959787516,0.6672273162238805,Baseline,udfa_name,FALSE
00-0041195,VEL421666,VellJa00,Jack Velling,Jack Velling,TE,Michigan State,NA,NA,ATL,-0.22650772333145142,0.9910181270537508,0.10792777338881063,0.21754753348038824,0.6745246931308011,Baseline,udfa_name,FALSE
00-0041366,GEE574485,NA,Jameson Geers,Jameson Geers,TE,Minnesota,NA,NA,AZ,-0.1933644413948059,0.9910181270537508,0.11425996174745559,0.20783785145888156,0.6779021867936629,Baseline,udfa_name,FALSE
00-0040955,GYL415291,NA,John Michael Gyllenborg,John Michael Gyllenborg,TE,Wyoming,NA,NA,KC,-0.1008952185511589,0.9910181270537508,0.13331152271192304,0.18213634772786572,0.6845521295602113,Baseline,udfa_name,FALSE
00-0041246,KAT720399,NA,Josh Kattus,Josh Kattus,TE,Kentucky,NA,NA,CIN,-0.2435677945613861,0.9910181270537508,0.10476867930983146,0.22264584017714334,0.6725854805130251,Baseline,udfa_name,FALSE
00-0041263,MCR529443,McReLa00,Lake McRee,Lake McRee,TE,USC,NA,NA,PIT,-0.24305911362171173,0.9910181270537508,0.1048618950855123,0.22249284525768434,0.6726452596568034,Baseline,udfa_name,FALSE
00-0040974,MAS141573,NA,Lance Mason,Lance Mason,TE,Wisconsin,NA,NA,SEA,-0.11159610003232956,0.9910181270537508,0.13100121716000274,0.18500470129817148,0.6839940815418257,Baseline,udfa_name,FALSE
00-0040939,TRI074614,TrigMi00,Michael Trigg,Michael Trigg,TE,Baylor,NA,NA,DAL,-0.15577340126037598,0.9910181270537508,0.12175699488600182,0.19714088783042213,0.6811021172835761,Baseline,udfa_name,FALSE
00-0041457,KIT181689,KitsMi00,Miles Kitselman,Miles Kitselman,TE,Tennessee,NA,NA,DET,-0.17238174378871918,0.9910181270537508,0.11840311414234682,0.20182530127629092,0.6797715845813622,Baseline,udfa_name,FALSE
00-0040945,MAR825258,MaryRJ00,RJ Maryland,RJ Maryland,TE,SMU,NA,NA,GB,-0.04084335267543793,0.9910181270537508,0.1467954329820058,0.1665597064708104,0.6866448605471838,Baseline,udfa_name,FALSE
00-0041403,JON700194,JoneRo03,Rohan Jones,Rohan Jones,TE,Arkansas,NA,NA,LA,-0.0831041932106018,0.9910181270537508,0.13721431648776017,0.17742941053204175,0.6853562729801981,Baseline,udfa_name,FALSE
00-0041314,ARK504282,ArkiTa00,Tanner Arkin,Tanner Arkin,TE,Illinois,NA,NA,NE,-0.18127742409706116,0.9910181270537508,0.11663382421557739,0.20436152111052663,0.679004654673896,Baseline,udfa_name,FALSE
00-0041438,TAT143045,TateCa00,Carnell Tate,Carnell Tate,WR,Ohio State,1,4,TEN,0.34067434072494507,0.9910181270537508,0.25292889608150093,0.08805573283830301,0.659015371080196,Upside,pfr_id,FALSE
00-0041029,TYS405541,TysoJo00,Jordyn Tyson,Jordyn Tyson,WR,Arizona State,1,8,NOR,0.07313269376754761,0.9910181270537508,0.1748251623070698,0.13943555211289727,0.6857392855800329,Baseline,pfr_id,FALSE
00-0040867,LEM694125,LemoMa00,Makai Lemon,Makai Lemon,WR,USC,1,20,PHI,-0.09018879383802414,0.9910181270537508,0.13565092556451264,0.17929449213392668,0.6850545823015607,Baseline,pfr_id,FALSE
00-0041547,CON046719,ConcKC00,KC Concepcion,KC Concepcion,WR,Texas A&M,1,24,CLE,-0.0033286919351667166,0.9910181270537508,0.15566812868458324,0.15727888881718272,0.6870529824982341,Baseline,name_pos,FALSE
00-0041511,COO816508,CoopOm00,Omar Cooper Jr.,Omar Cooper,WR,Indiana,1,30,NYJ,0.09957427531480789,0.9910181270537508,0.18178420878975304,0.13359864437982083,0.6846171468304262,Baseline,pfr_id,FALSE
NA,NA,StriDe01,De'Zhaun Stribling,De'Zhaun-Ryan Stribling,WR,Mississippi,2,33,SFO,-0.13649015128612518,0.9910181270537508,0.12573411283795136,0.191785338255449,0.6824805489065997,Baseline,pfr_id,FALSE
00-0041037,BOS677861,BostDe00,Denzel Boston,Denzel Boston,WR,Washington,2,39,CLE,-0.2346642017364502,0.9910181270537508,0.10640894391628275,0.21997659886899537,0.6736144572147219,Baseline,pfr_id,FALSE
00-0041489,BER218265,BernGe00,Germie Bernard,Germie Bernard,WR,Alabama,2,47,PIT,0.1773257851600647,0.9910181270537508,0.20323254739880062,0.11741745020783578,0.6793500023933636,Baseline,pfr_id,FALSE
00-0041040,WIL143106,WillAn04,Antonio Williams,Antonio Williams,WR,Clemson,3,71,WAS,0.10173299163579941,0.9910181270537508,0.1823599032990819,0.13312964360296478,0.6845104530979533,Baseline,pfr_id,FALSE
00-0041042,FIE775129,FielMa00,Malachi Fields,Malachi Fields,WR,Notre Dame,3,74,NYG,-0.022227469831705093,0.9910181270537508,0.1511550316491697,0.16191096107371641,0.686934007277114,Baseline,pfr_id,FALSE
00-0041523,DOU210628,DougCa00,Caleb Douglas,Caleb Douglas,WR,Texas Tech,3,75,MIA,-0.007807199377566576,0.9910181270537508,0.1545906925038637,0.1583686111838568,0.6870406963122795,Baseline,pfr_id,FALSE
00-0041044,BRA531428,BranZa00,Zachariah Branch,Zachariah Branch,WR,Georgia,3,79,ATL,-0.022905638441443443,0.9910181270537508,0.1509947169436845,0.16207881493278925,0.6869264681235263,Baseline,pfr_id,FALSE
00-0040870,LAN311008,LaneJa01,Ja'Kobi Lane,Ja'Kobi Lane,WR,USC,3,80,BAL,-0.0673651471734047,0.9910181270537508,0.1407314271200929,0.17332998938316377,0.6859385834967433,Baseline,pfr_id,FALSE
00-0041047,BRA836631,BrazCh01,Chris Brazzell II,Chris Brazzell II,WR,Tennessee,3,83,CAR,0.029892148450016975,0.9910181270537508,0.16381464449601202,0.14934973979904345,0.6868356157049446,Baseline,name_pos,FALSE
00-0041048,HUR541377,HursTe00,Ted Hurst III,Ted Hurst,WR,Georgia State,3,84,TAM,0.0407981239259243,0.9910181270537508,0.16654830858138958,0.14680592169932122,0.6866457697192891,Baseline,name_pos,FALSE
00-0041051,THO417520,ThomZa05,Zavion Thomas,Zavion Thomas,WR,LSU,3,89,CHI,0.14998356997966766,0.9910181270537508,0.19552344590695714,0.12294173367510482,0.681534820417938,Baseline,pfr_id,FALSE
00-0041525,BEL267684,BellCh00,Chris Bell,Chris Bell,WR,Louisville,3,94,MIA,-0.044782355427742004,0.9910181270537508,0.14588389166272492,0.16755428757755672,0.6865618207597183,Baseline,pfr_id,FALSE
00-0041550,THO495568,ThomBr07,Brenen Thompson,Brenen Thompson,WR,Mississippi State,4,105,LAC,-0.017425715923309326,0.9910181270537508,0.15229337401779464,0.16072571752320838,0.686980908458997,Baseline,pfr_id,FALSE
00-0040876,SAR527100,SarrEl00,Elijah Sarratt,Elijah Sarratt,WR,Indiana,4,115,BAL,-0.0972520187497139,0.9910181270537508,0.13410444289502374,0.1811661716502982,0.6847293854546781,Baseline,pfr_id,FALSE
00-0041397,WET055619,WetjKa00,Kaden Wetjen,Kaden Wetjen,WR,Iowa,4,121,PIT,0.030737752094864845,0.9910181270537508,0.1640255540515864,0.14915145675870706,0.6868229891897066,Baseline,pfr_id,FALSE
00-0041443,BEL597603,BellSk00,Skyler Bell,Skyler Bell,WR,Connecticut,4,125,BUF,-0.11509965360164642,0.9910181270537508,0.13025085189382016,0.18594988892773834,0.6837992591784415,Baseline,pfr_id,FALSE
00-0041067,LAN016345,LancBr00,Bryce Lance,Bryce Lance,WR,North Dakota State,4,136,NOR,-0.03928475081920624,0.9910181270537508,0.14715716848472854,0.16616722065263717,0.6866756108626342,Baseline,name_pos,FALSE
NA,NA,YounCo01,Colbie Young,Colbie Young,WR,Georgia,4,140,CIN,-0.14766140282154083,0.9910181270537508,0.12341916853740006,0.19487699820649018,0.6817038332561097,Baseline,pfr_id,FALSE
00-0041070,VIR271235,VirgRe00,Reggie Virgil,Reggie Virgil,WR,Texas Tech,5,143,ARI,0.035390760749578476,0.9910181270537508,0.16518925255349057,0.14806353330227226,0.6867472141442371,Baseline,name_pos,FALSE
LAW090280,LAW090280,LawxKe00,Kendrick Law,Kendrick Law,WR,Kentucky,5,168,DET,-0.08609966188669205,0.9910181270537508,0.13655179744310056,0.17821649377093016,0.6852317087859693,Baseline,name_pos,TRUE
00-0040890,ALL092954,AlleCy00,Cyrus Allen,Cyrus Allen,WR,Cincinnati,5,176,KAN,0.11821403354406357,0.9910181270537508,0.18679259442458107,0.12958633804743203,0.6836210675279869,Baseline,name_pos,FALSE
00-0041529,COL362413,ColeKe03,Kevin Coleman Jr.,Kevin Coleman,WR,Missouri,5,177,MIA,0.1776665300130844,0.9910181270537508,0.20332975047816018,0.11734973260681424,0.6793205169150256,Baseline,pfr_id,FALSE
00-0041099,BRO268113,BrowBa02,Barion Brown,Barion Brown,WR,LSU,6,190,NOR,0.0885259285569191,0.9910181270537508,0.17885562513825226,0.1360167770792681,0.6851275977824797,Baseline,pfr_id,FALSE
00-0041100,CAM108646,CameJo01,Josh Cameron,Josh Cameron,WR,Baylor,6,191,JAX,-0.13113924860954285,0.9910181270537508,0.12685360786215552,0.1903151659132279,0.6828312262246166,Baseline,pfr_id,FALSE
00-0040894,BEN601117,BensMa00,Malik Benson,Malik Benson,WR,Oregon,6,195,LVR,-0.08438187837600708,0.9910181270537508,0.13693145802087045,0.17776486371649064,0.6853036782626389,Baseline,name_pos,FALSE
00-0041399,DAN490797,DaniCJ00,CJ Daniels,CJ Daniels,WR,Miami,6,197,LAR,-0.07871907204389572,0.9910181270537508,0.13818814418303324,0.17628114945350606,0.6855307063634607,Baseline,pfr_id,FALSE
00-0040895,HEN199637,HendEm00,Emmanuel Henderson Jr.,Emmanuel Henderson,WR,Kansas,6,199,SEA,0.014202575199306011,0.9910181270537508,0.1599333178617359,0.15306066163033033,0.6870060205079338,Baseline,name_pos,FALSE
00-0041106,WIL189259,WillCJ00,C.J. Williams,C.J. Williams,WR,Stanford,6,203,JAX,-0.08219002187252045,0.9910181270537508,0.13741694374640082,0.17718964245206617,0.6853934138015331,Baseline,name_pos,FALSE
00-0041467,BON235618,BondLe00,Lewis Bond,Lewis Bond,WR,Boston College,6,204,HOU,-0.047382816672325134,0.9910181270537508,0.1452841968462151,0.16821298495407783,0.686502818199707,Baseline,name_pos,FALSE
NA,NA,BurkDe02,Deion Burks,Deion Burks,WR,Oklahoma,7,254,IND,-0.1404840350151062,0.9910181270537508,0.12490303248958451,0.19288718578613545,0.68220978172428,Baseline,pfr_id,FALSE
00-0041491,AND035767,AndeAa00,Aaron Anderson,Aaron Anderson,WR,LSU,NA,NA,CLE,-0.12947675585746765,0.9910181270537508,0.12720283676726665,0.18985980559376017,0.6829373576389732,Baseline,udfa_name,FALSE
00-0041199,LAC692799,NA,Caullin Lacy,Caullin Lacy,WR,Louisville,NA,NA,NYJ,0.011821575462818146,0.9910181270537508,0.15934959978912663,0.1536291154682101,0.6870212847426632,Baseline,udfa_name,FALSE
00-0041004,ROB111721,RobeCh00,Chase Roberts,Chase Roberts,WR,BYU,NA,NA,LV,-0.03353298455476761,0.9910181270537508,0.14849726278984327,0.16472399097782167,0.686778746232335,Baseline,udfa_name,FALSE
00-0041179,HIL834394,HiltCh00,Chris Hilton Jr.,Chris Hilton,WR,LSU,NA,NA,WAS,-0.0782085731625557,0.9910181270537508,0.13830181891417304,0.17614777958635722,0.6855504014994698,Baseline,udfa_name,FALSE
00-0041293,KEY102412,KeyxDa00,Dane Key,Dane Key,WR,Nebraska,NA,NA,DEN,-0.02618718519806862,0.9910181270537508,0.15022057933619407,0.16289263259578218,0.6868867880680238,Baseline,udfa_name,FALSE
00-0041342,BEL270533,NA,Dillon Bell,Dillon Bell,WR,Georgia,NA,NA,MIN,0.08111801743507385,0.9910181270537508,0.17690873887005176,0.1376548150618059,0.6854364460681424,Baseline,udfa_name,FALSE
00-0041158,MCC733954,NA,Donaven McCulley,Donaven McCulley,WR,Michigan,NA,NA,MIA,-0.11490451544523239,0.9910181270537508,0.1302925667822103,0.18589716600403428,0.6838102672137554,Baseline,udfa_name,FALSE
00-0041011,WIL577959,NA,E.J. Williams Jr.,E.J. Williams,WR,Indiana,NA,NA,LV,-0.140578493475914,0.9910181270537508,0.12488342335978155,0.19291329205770283,0.6822032845825157,Baseline,udfa_name,FALSE
00-0041257,RIV458622,RiveEr00,Eric Rivers Jr.,Eric Rivers,WR,Georgia Tech,NA,NA,TB,0.10865484923124313,0.9910181270537508,0.18421352074295005,0.1316334545468579,0.684153024710192,Baseline,udfa_name,FALSE
00-0040912,BEA642403,BeatHa00,Hank Beatty,Hank Beatty,WR,Illinois,NA,NA,TEN,-0.005986804608255625,0.9910181270537508,0.1550280458464916,0.15792507179846213,0.6870468823550462,Baseline,udfa_name,FALSE
00-0041368,WAL505425,WallHa00,Harrison Wallace III,Harrison Wallace,WR,Mississippi,NA,NA,AZ,-0.05665511637926102,0.9910181270537508,0.1431594181038866,0.17057519875695784,0.6862653831391555,Baseline,udfa_name,FALSE
00-0040948,STU618385,MichJ00,J. Michael Sturdivant,J. Michael Sturdivant,WR,Florida,NA,NA,GB,-0.07626695185899734,0.9910181270537508,0.13873474928756094,0.17564110690931758,0.6856241438031215,Baseline,udfa_name,FALSE
00-0040967,DEJ320906,NA,Jacob De Jesus,Jacob De Jesus,WR,California,NA,NA,KC,-0.11072764545679092,0.9910181270537508,0.13118767737495454,0.18477087235196976,0.6840414502730757,Baseline,udfa_name,FALSE
00-0041311,WAL738705,WaltJa00,Jalen Walthall,Jalen Walthall,WR,Incarnate Word,NA,NA,NYJ,0.12651802599430084,0.9910181270537508,0.189051061880262,0.12782601100338248,0.6831229271163555,Baseline,udfa_name,FALSE
00-0041272,MAC704888,MaclJa00,Ja'Mori Maclin,Ja'Mori Maclin,WR,Kentucky,NA,NA,BUF,-0.14840534329414368,0.9910181270537508,0.12326607405231528,0.19508395561222222,0.6816499703354625,Baseline,udfa_name,FALSE
00-0040953,CAL289836,CaldJe01,Jeff Caldwell,Jeff Caldwell,WR,Cincinnati,NA,NA,KC,-0.07222559303045273,0.9910181270537508,0.13963882337019945,0.17458946546971982,0.6857717111600807,Baseline,udfa_name,FALSE
00-0040934,HUD438538,NA,Jordan Hudson,Jordan Hudson,WR,SMU,NA,NA,DAL,0.07810282707214355,0.9910181270537508,0.17612016098626407,0.13832537376631024,0.6855544652474257,Baseline,udfa_name,FALSE
00-0041294,MAN311454,NA,Joseph Manjack,Joseph Manjack IV,WR,TCU,NA,NA,DEN,-0.17517222464084625,0.9910181270537508,0.11784607611049704,0.20261885064761795,0.679535073241885,Baseline,udfa_name,FALSE
00-0041266,MAR178066,NA,Keelan Marion,Keelan Marion,WR,Miami (FL),NA,NA,ATL,0.11099089682102203,0.9910181270537508,0.18484173262820855,0.13113113704146281,0.6840271303303286,Baseline,udfa_name,FALSE
00-0041152,PRE230806,PrenKo00,Kobe Prentice,Kobe Prentice,WR,Baylor,NA,NA,NE,-0.06836139410734177,0.9910181270537508,0.14050700446751233,0.17358767210022893,0.6859053234322587,Baseline,udfa_name,FALSE
00-0041267,MCC339401,NA,Malik McClain,Malik McClain,WR,Arizona State,NA,NA,NYJ,-0.18138597905635834,0.9910181270537508,0.11661234979080283,0.20439258759950252,0.6789950626096947,Baseline,udfa_name,FALSE
00-0041220,WOR699613,NA,Michael Wortham,Michael Wortham,WR,Montana,NA,NA,JAX,-0.0500500425696373,0.9910181270537508,0.1446708306857662,0.16889032200458556,0.6864388473096482,Baseline,udfa_name,FALSE
00-0041317,DEG184731,NA,Nick DeGennaro,Nick Degennaro,WR,James Madison,NA,NA,NE,-0.0556953139603138,0.9910181270537508,0.14337838101830147,0.1703296983631083,0.6862919206185902,Baseline,udfa_name,FALSE
00-0041248,THO309081,ThomNo01,Noah Thomas,Noah Thomas,WR,Georgia,NA,NA,CIN,-0.015935413539409637,0.9910181270537508,0.1526478313385149,0.16035901295534707,0.6869931557061381,Baseline,udfa_name,FALSE
00-0040954,EVA604383,NA,Omari Evans,Omari Evans,WR,Washington,NA,NA,KC,-0.04912564530968666,0.9910181270537508,0.14488321105266824,0.16865537490247912,0.6864614140448526,Baseline,udfa_name,FALSE
00-0041216,PEN095836,PenaTr00,Trebor Pena,Trebor Pena,WR,Penn State,NA,NA,JAX,0.06484459340572357,0.9910181270537508,0.17267912761112889,0.14130031322814407,0.686020559160727,Baseline,udfa_name,FALSE
00-0040919,MON677710,MontTy02,Tyren Montgomery,Tyren Montgomery,WR,John Carroll,NA,NA,TEN,-0.1325407773256302,0.9910181270537508,0.12655971694657359,0.19069956831091303,0.6827407147425134,Baseline,udfa_name,FALSE
00-0041185,ANT322903,AnthVi01,Vinny Anthony II,Vinny Anthony II,WR,Wisconsin,NA,NA,ATL,0.09077470004558563,0.9910181270537508,0.17944928696679008,0.1355221794986337,0.6850285335345763,Baseline,udfa_name,FALSE
00-0041361,PAU534320,NA,Will Pauling,Will Pauling,WR,Notre Dame,NA,NA,SF,-0.08057045936584473,0.9910181270537508,0.13777642325978737,0.17676536768106738,0.6854582090591452,Baseline,udfa_name,FALSE
